{
  "type": "FeatureCollection",
  "features": [
    {
      "type": "Feature",
      "geometry": {
        "type": "Point",
        "coordinates": [
          37.33333,
          -3.35
        ]
      },
      "properties": {
        "type": "site",
        "day": 1,
        "title": "יום 1: נחיתה בטנזניה והתארגנות במושי",
        "distance": "55 ק\"מ (נסיעה משדה התעופה)",
        "duration": "שעה וחצי נסיעה",
        "elevation": "גובה: 1,400 מטר מעל פני הים",
        "description": "נחיתה בשדה התעופה קילמנג'רו (JRO), העברה למלון במושי והתארגנות לקראת היציאה לשטח. מפגש היכרות ותדרוך על המסלול.",
        "link": "https://en.wikipedia.org/wiki/Moshi,_Tanzania",
        "link_text": "🌐 מידע גיאוגרפי והיסטורי על מושי (Wikipedia)"
      }
    },
    {
      "type": "Feature",
      "geometry": {
        "type": "LineString",
        "coordinates": [
          [
            37.33333,
            -3.35
          ],
          [
            38.0833,
            -4.05
          ]
        ]
      },
      "properties": {
        "type": "track",
        "day": 2,
        "title": "יום 2: ספארי בשמורת מקומאזי (Mkomazi) והמשך להרי האוסאמבארה",
        "distance": "140 ק\"מ נסיעה + ספארי",
        "duration": "כ-4 שעות נסיעה + 3 שעות ספארי",
        "elevation": "עליה מ-1,400 מ' ל-1,600 מ' ברכב",
        "description": "ספארי בשמורה הבתולית על רקע פסגת הקילימנג'רו לצפייה בפילים, קרנפים שחורים וטורפים. אחר הצהריים נמשיך בנסיעה ונעלה אל רכס הרי האוסאמבארה.",
        "link": "https://tanzania-specialist.com/national-parks/mkomazi-national-park/",
        "link_text": "🐾 מידע רשמי ומדריך חיות בר לשמורת מקומאזי"
      }
    },
    {
      "type": "Feature",
      "geometry": {
        "type": "Point",
        "coordinates": [
          38.0833,
          -4.05
        ]
      },
      "properties": {
        "type": "site",
        "day": 2,
        "title": "יום 2: הגעה לחווה חקלאית פסטורלית (Lushoto)",
        "distance": "הגעה לנקודת הלינה",
        "duration": "0 שעות הליכה",
        "elevation": "גובה: 1,600 מטר",
        "description": "לקראת ערב נגיע למקום הלינה בחווה ירוקה ופסטורלית בלב הטבע להתארגנות לקראת תחילת המקטעים הרגליים.",
        "link": "https://www.mamboviewpoint.org/",
        "link_text": "🏡 אתר האירוח Mambo View Point Eco Lodge"
      }
    },
    {
      "type": "Feature",
      "geometry": {
        "type": "LineString",
        "coordinates": [
          [
            38.0833,
            -4.05
          ],
          [
            38.216911,
            -4.502476
          ],
          [
            38.216874,
            -4.502709
          ],
          [
            38.216829,
            -4.502844
          ],
          [
            38.216731,
            -4.503023
          ],
          [
            38.216748,
            -4.503121
          ],
          [
            38.216794,
            -4.503184
          ],
          [
            38.216901,
            -4.503381
          ],
          [
            38.216974,
            -4.503488
          ],
          [
            38.217027,
            -4.503721
          ],
          [
            38.217018,
            -4.503766
          ],
          [
            38.216955,
            -4.503837
          ],
          [
            38.217001,
            -4.503918
          ],
          [
            38.217037,
            -4.504016
          ],
          [
            38.217081,
            -4.50407
          ],
          [
            38.217198,
            -4.504115
          ],
          [
            38.217243,
            -4.504142
          ],
          [
            38.217278,
            -4.50416
          ],
          [
            38.217288,
            -4.504195
          ],
          [
            38.217288,
            -4.504267
          ],
          [
            38.217278,
            -4.504339
          ],
          [
            38.217278,
            -4.504401
          ],
          [
            38.217351,
            -4.504419
          ],
          [
            38.217404,
            -4.504464
          ],
          [
            38.217477,
            -4.504545
          ],
          [
            38.217513,
            -4.504608
          ],
          [
            38.217557,
            -4.504706
          ],
          [
            38.217647,
            -4.504894
          ],
          [
            38.217773,
            -4.505028
          ],
          [
            38.21789,
            -4.505145
          ],
          [
            38.218016,
            -4.505252
          ],
          [
            38.218169,
            -4.505386
          ],
          [
            38.218222,
            -4.505449
          ],
          [
            38.218312,
            -4.505566
          ],
          [
            38.218375,
            -4.505637
          ],
          [
            38.218446,
            -4.505673
          ],
          [
            38.218545,
            -4.505682
          ],
          [
            38.218662,
            -4.505682
          ],
          [
            38.218743,
            -4.505691
          ],
          [
            38.218859,
            -4.505718
          ],
          [
            38.218976,
            -4.505664
          ],
          [
            38.219093,
            -4.505593
          ],
          [
            38.219255,
            -4.50553
          ],
          [
            38.219345,
            -4.505566
          ],
          [
            38.219417,
            -4.505646
          ],
          [
            38.219471,
            -4.505727
          ],
          [
            38.219651,
            -4.505951
          ],
          [
            38.219722,
            -4.50604
          ],
          [
            38.219767,
            -4.506076
          ],
          [
            38.219838,
            -4.506112
          ],
          [
            38.219938,
            -4.506139
          ],
          [
            38.220225,
            -4.50613
          ],
          [
            38.220343,
            -4.506139
          ],
          [
            38.220467,
            -4.50621
          ],
          [
            38.22053,
            -4.506282
          ],
          [
            38.220683,
            -4.506434
          ],
          [
            38.220845,
            -4.506578
          ],
          [
            38.221079,
            -4.50673
          ],
          [
            38.221267,
            -4.506873
          ],
          [
            38.221446,
            -4.507008
          ],
          [
            38.221698,
            -4.507232
          ],
          [
            38.221977,
            -4.5075
          ],
          [
            38.222138,
            -4.507643
          ],
          [
            38.222238,
            -4.507742
          ],
          [
            38.222327,
            -4.507948
          ],
          [
            38.222417,
            -4.5081
          ],
          [
            38.222516,
            -4.508244
          ],
          [
            38.222758,
            -4.508628
          ],
          [
            38.222867,
            -4.508807
          ],
          [
            38.222993,
            -4.509023
          ],
          [
            38.22318,
            -4.509247
          ],
          [
            38.223379,
            -4.509488
          ],
          [
            38.223549,
            -4.509613
          ],
          [
            38.223746,
            -4.50973
          ],
          [
            38.223926,
            -4.509819
          ],
          [
            38.224079,
            -4.5099
          ],
          [
            38.224151,
            -4.510106
          ],
          [
            38.224312,
            -4.510482
          ],
          [
            38.224429,
            -4.510697
          ],
          [
            38.224555,
            -4.510939
          ],
          [
            38.22469,
            -4.511234
          ],
          [
            38.22478,
            -4.511476
          ],
          [
            38.224825,
            -4.511637
          ],
          [
            38.224861,
            -4.511799
          ],
          [
            38.224941,
            -4.512139
          ],
          [
            38.224968,
            -4.512247
          ],
          [
            38.224968,
            -4.512327
          ],
          [
            38.224977,
            -4.512595
          ],
          [
            38.225004,
            -4.512784
          ],
          [
            38.225058,
            -4.513008
          ],
          [
            38.225112,
            -4.513214
          ],
          [
            38.224995,
            -4.513222
          ],
          [
            38.225166,
            -4.513276
          ],
          [
            38.225238,
            -4.513339
          ],
          [
            38.22531,
            -4.513393
          ],
          [
            38.225337,
            -4.513428
          ],
          [
            38.225373,
            -4.513483
          ],
          [
            38.225463,
            -4.513688
          ],
          [
            38.225606,
            -4.513912
          ],
          [
            38.225624,
            -4.513993
          ],
          [
            38.22566,
            -4.514065
          ],
          [
            38.225696,
            -4.5141
          ],
          [
            38.22574,
            -4.514136
          ],
          [
            38.225777,
            -4.514154
          ],
          [
            38.226379,
            -4.514369
          ],
          [
            38.226585,
            -4.514405
          ],
          [
            38.226648,
            -4.514441
          ],
          [
            38.226738,
            -4.514548
          ],
          [
            38.226846,
            -4.514647
          ],
          [
            38.226989,
            -4.514772
          ],
          [
            38.227169,
            -4.514915
          ],
          [
            38.227402,
            -4.515076
          ],
          [
            38.227645,
            -4.515192
          ],
          [
            38.228004,
            -4.515327
          ],
          [
            38.228184,
            -4.515282
          ],
          [
            38.228301,
            -4.515264
          ],
          [
            38.2284,
            -4.515264
          ],
          [
            38.228561,
            -4.5153
          ],
          [
            38.228633,
            -4.515336
          ],
          [
            38.228696,
            -4.515399
          ],
          [
            38.22892,
            -4.515685
          ],
          [
            38.229083,
            -4.515856
          ],
          [
            38.229262,
            -4.516017
          ],
          [
            38.229514,
            -4.516259
          ],
          [
            38.229702,
            -4.516366
          ],
          [
            38.229702,
            -4.516366
          ],
          [
            38.229702,
            -4.516366
          ],
          [
            38.229846,
            -4.516438
          ],
          [
            38.229962,
            -4.516464
          ],
          [
            38.230044,
            -4.516428
          ],
          [
            38.230142,
            -4.516348
          ],
          [
            38.23034,
            -4.516222
          ],
          [
            38.230394,
            -4.516196
          ],
          [
            38.230467,
            -4.516177
          ],
          [
            38.230556,
            -4.516177
          ],
          [
            38.231176,
            -4.51642
          ],
          [
            38.231509,
            -4.516536
          ],
          [
            38.231616,
            -4.516572
          ],
          [
            38.232075,
            -4.516796
          ],
          [
            38.232298,
            -4.516885
          ],
          [
            38.232488,
            -4.516966
          ],
          [
            38.232702,
            -4.517073
          ],
          [
            38.232855,
            -4.517181
          ],
          [
            38.232981,
            -4.517315
          ],
          [
            38.233098,
            -4.517503
          ],
          [
            38.233151,
            -4.51762
          ],
          [
            38.23326,
            -4.517781
          ],
          [
            38.233385,
            -4.517987
          ],
          [
            38.233683,
            -4.518202
          ],
          [
            38.23379,
            -4.518274
          ],
          [
            38.233897,
            -4.518327
          ],
          [
            38.234077,
            -4.518408
          ],
          [
            38.234392,
            -4.518542
          ],
          [
            38.234778,
            -4.518667
          ],
          [
            38.235155,
            -4.518721
          ],
          [
            38.235442,
            -4.518748
          ],
          [
            38.235767,
            -4.518748
          ],
          [
            38.235891,
            -4.518739
          ],
          [
            38.236,
            -4.518694
          ],
          [
            38.236394,
            -4.518443
          ],
          [
            38.23679,
            -4.518175
          ],
          [
            38.236996,
            -4.518005
          ],
          [
            38.237302,
            -4.517781
          ],
          [
            38.237545,
            -4.517691
          ],
          [
            38.237851,
            -4.517521
          ],
          [
            38.238254,
            -4.51719
          ],
          [
            38.238434,
            -4.517065
          ],
          [
            38.238587,
            -4.51693
          ],
          [
            38.238677,
            -4.516742
          ],
          [
            38.238793,
            -4.516617
          ],
          [
            38.238964,
            -4.516527
          ],
          [
            38.23918,
            -4.516455
          ],
          [
            38.239323,
            -4.516411
          ],
          [
            38.23944,
            -4.516357
          ],
          [
            38.239557,
            -4.516249
          ],
          [
            38.239719,
            -4.516025
          ],
          [
            38.239889,
            -4.515856
          ],
          [
            38.239996,
            -4.515774
          ],
          [
            38.240159,
            -4.515667
          ],
          [
            38.240411,
            -4.51547
          ],
          [
            38.240518,
            -4.515336
          ],
          [
            38.240599,
            -4.515211
          ],
          [
            38.24077,
            -4.514826
          ],
          [
            38.240797,
            -4.514736
          ],
          [
            38.240878,
            -4.514655
          ],
          [
            38.240994,
            -4.51462
          ],
          [
            38.24112,
            -4.514647
          ],
          [
            38.241264,
            -4.514709
          ],
          [
            38.241417,
            -4.514808
          ],
          [
            38.241604,
            -4.515023
          ],
          [
            38.241812,
            -4.515237
          ],
          [
            38.241929,
            -4.515408
          ],
          [
            38.242063,
            -4.515587
          ],
          [
            38.24217,
            -4.515658
          ],
          [
            38.24227,
            -4.515685
          ],
          [
            38.242386,
            -4.515667
          ],
          [
            38.242495,
            -4.515614
          ],
          [
            38.242638,
            -4.515461
          ],
          [
            38.242872,
            -4.515282
          ],
          [
            38.242935,
            -4.515247
          ],
          [
            38.243212,
            -4.515202
          ],
          [
            38.243617,
            -4.515264
          ],
          [
            38.243923,
            -4.515327
          ],
          [
            38.244067,
            -4.5153
          ],
          [
            38.24422,
            -4.515229
          ],
          [
            38.244453,
            -4.515085
          ],
          [
            38.244587,
            -4.515023
          ],
          [
            38.244713,
            -4.51504
          ],
          [
            38.24492,
            -4.515139
          ],
          [
            38.245082,
            -4.5153
          ],
          [
            38.245351,
            -4.515533
          ],
          [
            38.245549,
            -4.515685
          ],
          [
            38.245738,
            -4.515748
          ],
          [
            38.24598,
            -4.515774
          ],
          [
            38.246168,
            -4.515802
          ],
          [
            38.24642,
            -4.515838
          ],
          [
            38.247057,
            -4.515524
          ],
          [
            38.24757,
            -4.515192
          ],
          [
            38.247885,
            -4.514852
          ],
          [
            38.248091,
            -4.514566
          ],
          [
            38.248225,
            -4.514431
          ],
          [
            38.248405,
            -4.514369
          ],
          [
            38.248639,
            -4.51436
          ],
          [
            38.248944,
            -4.514431
          ],
          [
            38.249277,
            -4.51462
          ],
          [
            38.249493,
            -4.514745
          ],
          [
            38.24969,
            -4.514826
          ],
          [
            38.249896,
            -4.514834
          ],
          [
            38.250086,
            -4.514763
          ],
          [
            38.250238,
            -4.51461
          ],
          [
            38.250363,
            -4.514351
          ],
          [
            38.250462,
            -4.514011
          ],
          [
            38.250525,
            -4.513706
          ],
          [
            38.25057,
            -4.513294
          ],
          [
            38.250606,
            -4.512954
          ],
          [
            38.250615,
            -4.512578
          ],
          [
            38.250715,
            -4.512076
          ],
          [
            38.250929,
            -4.511655
          ],
          [
            38.251162,
            -4.511404
          ],
          [
            38.251432,
            -4.511136
          ],
          [
            38.251702,
            -4.510841
          ],
          [
            38.251854,
            -4.510643
          ],
          [
            38.251981,
            -4.510536
          ],
          [
            38.252151,
            -4.510482
          ],
          [
            38.252412,
            -4.510438
          ],
          [
            38.252726,
            -4.510357
          ],
          [
            38.252969,
            -4.510285
          ],
          [
            38.253193,
            -4.510169
          ],
          [
            38.253454,
            -4.509936
          ],
          [
            38.253678,
            -4.509676
          ],
          [
            38.254028,
            -4.509264
          ],
          [
            38.254451,
            -4.509381
          ],
          [
            38.25508,
            -4.50947
          ],
          [
            38.255655,
            -4.509497
          ],
          [
            38.256912,
            -4.509497
          ],
          [
            38.259176,
            -4.509345
          ],
          [
            38.260613,
            -4.509023
          ],
          [
            38.261521,
            -4.508441
          ],
          [
            38.262005,
            -4.507679
          ],
          [
            38.2625,
            -4.504859
          ],
          [
            38.262581,
            -4.504553
          ],
          [
            38.262661,
            -4.504464
          ],
          [
            38.262661,
            -4.504411
          ],
          [
            38.262544,
            -4.504446
          ],
          [
            38.262491,
            -4.504411
          ],
          [
            38.26259,
            -4.504374
          ],
          [
            38.262707,
            -4.504106
          ],
          [
            38.26276,
            -4.503945
          ],
          [
            38.262751,
            -4.503802
          ],
          [
            38.262814,
            -4.50364
          ],
          [
            38.262886,
            -4.503613
          ],
          [
            38.262868,
            -4.503497
          ],
          [
            38.262841,
            -4.503327
          ],
          [
            38.262957,
            -4.503175
          ],
          [
            38.262894,
            -4.503139
          ],
          [
            38.26294,
            -4.50304
          ],
          [
            38.262814,
            -4.502924
          ],
          [
            38.262904,
            -4.502781
          ],
          [
            38.263102,
            -4.502709
          ],
          [
            38.26321,
            -4.502978
          ],
          [
            38.263317,
            -4.5033
          ],
          [
            38.263407,
            -4.50347
          ],
          [
            38.263542,
            -4.503829
          ],
          [
            38.263389,
            -4.50407
          ],
          [
            38.263452,
            -4.504384
          ],
          [
            38.26338,
            -4.504616
          ],
          [
            38.26321,
            -4.504679
          ],
          [
            38.263057,
            -4.504787
          ],
          [
            38.263057,
            -4.504787
          ],
          [
            38.26321,
            -4.504679
          ],
          [
            38.26338,
            -4.504616
          ],
          [
            38.263452,
            -4.504384
          ],
          [
            38.263389,
            -4.50407
          ],
          [
            38.263542,
            -4.503829
          ],
          [
            38.263407,
            -4.50347
          ],
          [
            38.263317,
            -4.5033
          ],
          [
            38.26321,
            -4.502978
          ],
          [
            38.263102,
            -4.502709
          ],
          [
            38.263102,
            -4.502458
          ],
          [
            38.263074,
            -4.502297
          ],
          [
            38.263156,
            -4.501956
          ],
          [
            38.263183,
            -4.501625
          ],
          [
            38.263246,
            -4.50158
          ],
          [
            38.263219,
            -4.501464
          ],
          [
            38.263093,
            -4.501357
          ],
          [
            38.26311,
            -4.501205
          ],
          [
            38.263785,
            -4.501061
          ],
          [
            38.263982,
            -4.500954
          ],
          [
            38.263892,
            -4.500712
          ],
          [
            38.263865,
            -4.500524
          ],
          [
            38.263713,
            -4.500327
          ],
          [
            38.263695,
            -4.500085
          ],
          [
            38.263776,
            -4.499807
          ],
          [
            38.26364,
            -4.499548
          ],
          [
            38.263632,
            -4.499351
          ],
          [
            38.263443,
            -4.499261
          ],
          [
            38.263219,
            -4.499163
          ],
          [
            38.263156,
            -4.499118
          ],
          [
            38.262949,
            -4.499073
          ],
          [
            38.262787,
            -4.499028
          ],
          [
            38.262536,
            -4.499135
          ],
          [
            38.262428,
            -4.49901
          ],
          [
            38.262437,
            -4.498822
          ],
          [
            38.262338,
            -4.498697
          ],
          [
            38.262302,
            -4.498643
          ],
          [
            38.262267,
            -4.49858
          ],
          [
            38.262168,
            -4.498491
          ],
          [
            38.261871,
            -4.498347
          ],
          [
            38.261521,
            -4.497936
          ],
          [
            38.261404,
            -4.498008
          ],
          [
            38.261179,
            -4.497926
          ],
          [
            38.26117,
            -4.498052
          ],
          [
            38.26099,
            -4.498168
          ],
          [
            38.260757,
            -4.498079
          ],
          [
            38.26073,
            -4.497936
          ],
          [
            38.260569,
            -4.497891
          ],
          [
            38.260389,
            -4.497757
          ],
          [
            38.260183,
            -4.497703
          ],
          [
            38.25994,
            -4.49773
          ],
          [
            38.259831,
            -4.497649
          ],
          [
            38.259742,
            -4.497703
          ],
          [
            38.259697,
            -4.49747
          ],
          [
            38.259724,
            -4.497381
          ],
          [
            38.259644,
            -4.496978
          ],
          [
            38.259544,
            -4.496673
          ],
          [
            38.259401,
            -4.496673
          ],
          [
            38.25932,
            -4.496735
          ],
          [
            38.258978,
            -4.496834
          ],
          [
            38.258952,
            -4.496772
          ],
          [
            38.259059,
            -4.496664
          ],
          [
            38.259095,
            -4.496324
          ],
          [
            38.258915,
            -4.496332
          ],
          [
            38.258763,
            -4.49644
          ],
          [
            38.258583,
            -4.496351
          ],
          [
            38.258466,
            -4.496386
          ],
          [
            38.258368,
            -4.496431
          ],
          [
            38.25834,
            -4.496458
          ],
          [
            38.258305,
            -4.496503
          ],
          [
            38.258242,
            -4.496637
          ],
          [
            38.258197,
            -4.496682
          ],
          [
            38.258143,
            -4.496718
          ],
          [
            38.258089,
            -4.496735
          ],
          [
            38.258062,
            -4.496735
          ],
          [
            38.258036,
            -4.496727
          ],
          [
            38.257982,
            -4.496655
          ],
          [
            38.257919,
            -4.496628
          ],
          [
            38.257873,
            -4.496628
          ],
          [
            38.257829,
            -4.496628
          ],
          [
            38.257649,
            -4.496709
          ],
          [
            38.257613,
            -4.496709
          ],
          [
            38.257568,
            -4.4967
          ],
          [
            38.257361,
            -4.496565
          ],
          [
            38.257244,
            -4.496512
          ],
          [
            38.257227,
            -4.496503
          ],
          [
            38.257208,
            -4.496503
          ],
          [
            38.257164,
            -4.496503
          ],
          [
            38.25711,
            -4.496503
          ],
          [
            38.257065,
            -4.496476
          ],
          [
            38.257011,
            -4.496431
          ],
          [
            38.256984,
            -4.496413
          ],
          [
            38.256948,
            -4.496404
          ],
          [
            38.256831,
            -4.496377
          ],
          [
            38.256768,
            -4.496369
          ],
          [
            38.256688,
            -4.496279
          ],
          [
            38.256481,
            -4.496037
          ],
          [
            38.256418,
            -4.495948
          ],
          [
            38.256374,
            -4.495849
          ],
          [
            38.256365,
            -4.495697
          ],
          [
            38.256365,
            -4.4955
          ],
          [
            38.256166,
            -4.49541
          ],
          [
            38.255862,
            -4.495312
          ],
          [
            38.25561,
            -4.495187
          ],
          [
            38.25543,
            -4.495025
          ],
          [
            38.255313,
            -4.494873
          ],
          [
            38.255206,
            -4.494658
          ],
          [
            38.255143,
            -4.494523
          ],
          [
            38.255133,
            -4.494425
          ],
          [
            38.255124,
            -4.494201
          ],
          [
            38.255124,
            -4.494067
          ],
          [
            38.255116,
            -4.494004
          ],
          [
            38.25508,
            -4.493951
          ],
          [
            38.255034,
            -4.493933
          ],
          [
            38.254963,
            -4.493906
          ],
          [
            38.254864,
            -4.493861
          ],
          [
            38.254837,
            -4.493843
          ],
          [
            38.254828,
            -4.493816
          ],
          [
            38.25482,
            -4.493772
          ],
          [
            38.254828,
            -4.493664
          ],
          [
            38.254846,
            -4.49361
          ],
          [
            38.254846,
            -4.49353
          ],
          [
            38.254846,
            -4.493485
          ],
          [
            38.254855,
            -4.493458
          ],
          [
            38.254927,
            -4.493377
          ],
          [
            38.254954,
            -4.493342
          ],
          [
            38.254954,
            -4.493279
          ],
          [
            38.254927,
            -4.493082
          ],
          [
            38.254918,
            -4.49301
          ],
          [
            38.254936,
            -4.492903
          ],
          [
            38.25499,
            -4.49275
          ],
          [
            38.254927,
            -4.492563
          ],
          [
            38.254774,
            -4.492401
          ],
          [
            38.254694,
            -4.492123
          ],
          [
            38.254621,
            -4.491685
          ],
          [
            38.254594,
            -4.491336
          ],
          [
            38.254577,
            -4.49104
          ],
          [
            38.254558,
            -4.490771
          ],
          [
            38.254531,
            -4.490628
          ],
          [
            38.254487,
            -4.490503
          ],
          [
            38.25437,
            -4.490359
          ],
          [
            38.254289,
            -4.490225
          ],
          [
            38.254218,
            -4.490001
          ],
          [
            38.254164,
            -4.489687
          ],
          [
            38.254101,
            -4.489625
          ],
          [
            38.254011,
            -4.489607
          ],
          [
            38.253921,
            -4.489634
          ],
          [
            38.253661,
            -4.489777
          ],
          [
            38.253454,
            -4.489903
          ],
          [
            38.253256,
            -4.489929
          ],
          [
            38.253013,
            -4.489965
          ],
          [
            38.252879,
            -4.489992
          ],
          [
            38.25278,
            -4.490063
          ],
          [
            38.252564,
            -4.490314
          ],
          [
            38.252394,
            -4.490574
          ],
          [
            38.252151,
            -4.490869
          ],
          [
            38.251981,
            -4.49104
          ],
          [
            38.251891,
            -4.491093
          ],
          [
            38.251791,
            -4.491093
          ],
          [
            38.251684,
            -4.491067
          ],
          [
            38.251531,
            -4.491004
          ],
          [
            38.251441,
            -4.490995
          ],
          [
            38.251342,
            -4.491013
          ],
          [
            38.251217,
            -4.491049
          ],
          [
            38.250992,
            -4.491076
          ],
          [
            38.250768,
            -4.491067
          ],
          [
            38.250525,
            -4.491022
          ],
          [
            38.250202,
            -4.490924
          ],
          [
            38.250112,
            -4.490959
          ],
          [
            38.250076,
            -4.491058
          ],
          [
            38.249996,
            -4.491398
          ],
          [
            38.249824,
            -4.491989
          ],
          [
            38.249554,
            -4.492563
          ],
          [
            38.249411,
            -4.49284
          ],
          [
            38.24925,
            -4.493082
          ],
          [
            38.249124,
            -4.493198
          ],
          [
            38.248927,
            -4.49327
          ],
          [
            38.248692,
            -4.493297
          ],
          [
            38.248541,
            -4.493306
          ],
          [
            38.248396,
            -4.493332
          ],
          [
            38.248244,
            -4.493431
          ],
          [
            38.248126,
            -4.493485
          ],
          [
            38.248001,
            -4.493503
          ],
          [
            38.247875,
            -4.493494
          ],
          [
            38.247759,
            -4.493458
          ],
          [
            38.247669,
            -4.493395
          ],
          [
            38.247588,
            -4.493243
          ],
          [
            38.247499,
            -4.493073
          ],
          [
            38.247363,
            -4.492966
          ],
          [
            38.24722,
            -4.492876
          ],
          [
            38.24712,
            -4.492867
          ],
          [
            38.247022,
            -4.492885
          ],
          [
            38.246941,
            -4.492921
          ],
          [
            38.246753,
            -4.493046
          ],
          [
            38.246636,
            -4.493127
          ],
          [
            38.246501,
            -4.493153
          ],
          [
            38.246357,
            -4.493207
          ],
          [
            38.246258,
            -4.49327
          ],
          [
            38.246124,
            -4.493386
          ],
          [
            38.245962,
            -4.49353
          ],
          [
            38.245782,
            -4.493655
          ],
          [
            38.245575,
            -4.493745
          ],
          [
            38.245262,
            -4.493816
          ],
          [
            38.245028,
            -4.493861
          ],
          [
            38.244893,
            -4.493888
          ],
          [
            38.244696,
            -4.493924
          ],
          [
            38.244614,
            -4.493888
          ],
          [
            38.244507,
            -4.493745
          ],
          [
            38.2443,
            -4.493261
          ],
          [
            38.24413,
            -4.492992
          ],
          [
            38.243941,
            -4.492768
          ],
          [
            38.243887,
            -4.492732
          ],
          [
            38.243833,
            -4.492724
          ],
          [
            38.243707,
            -4.492742
          ],
          [
            38.243564,
            -4.492768
          ],
          [
            38.243501,
            -4.492786
          ],
          [
            38.243338,
            -4.492849
          ],
          [
            38.243212,
            -4.492966
          ],
          [
            38.243006,
            -4.493162
          ],
          [
            38.242826,
            -4.493216
          ],
          [
            38.24262,
            -4.493243
          ],
          [
            38.242405,
            -4.493243
          ],
          [
            38.242189,
            -4.493225
          ],
          [
            38.241847,
            -4.493162
          ],
          [
            38.241667,
            -4.4931
          ],
          [
            38.241515,
            -4.492992
          ],
          [
            38.241218,
            -4.49258
          ],
          [
            38.241138,
            -4.492545
          ],
          [
            38.241067,
            -4.492545
          ],
          [
            38.240922,
            -4.492625
          ],
          [
            38.240815,
            -4.492688
          ],
          [
            38.240742,
            -4.492786
          ],
          [
            38.240599,
            -4.492911
          ],
          [
            38.240438,
            -4.49301
          ],
          [
            38.240132,
            -4.493082
          ],
          [
            38.239988,
            -4.493073
          ],
          [
            38.240338,
            -4.493279
          ],
          [
            38.240509,
            -4.493422
          ],
          [
            38.240644,
            -4.493583
          ],
          [
            38.240644,
            -4.493583
          ],
          [
            38.240797,
            -4.493754
          ],
          [
            38.240967,
            -4.494076
          ],
          [
            38.241038,
            -4.494354
          ],
          [
            38.241128,
            -4.494595
          ],
          [
            38.241264,
            -4.494864
          ],
          [
            38.241371,
            -4.495142
          ],
          [
            38.241371,
            -4.495401
          ],
          [
            38.2413,
            -4.495804
          ],
          [
            38.241165,
            -4.496153
          ],
          [
            38.241021,
            -4.496485
          ],
          [
            38.240841,
            -4.496655
          ],
          [
            38.240635,
            -4.496745
          ],
          [
            38.240258,
            -4.496834
          ],
          [
            38.239925,
            -4.496959
          ],
          [
            38.239709,
            -4.497112
          ],
          [
            38.239557,
            -4.497318
          ],
          [
            38.239314,
            -4.497676
          ],
          [
            38.239162,
            -4.497846
          ],
          [
            38.239134,
            -4.497963
          ],
          [
            38.239153,
            -4.498079
          ],
          [
            38.239404,
            -4.498473
          ],
          [
            38.239413,
            -4.498571
          ],
          [
            38.239396,
            -4.498625
          ],
          [
            38.239323,
            -4.49867
          ],
          [
            38.239027,
            -4.49876
          ],
          [
            38.23892,
            -4.498822
          ],
          [
            38.238811,
            -4.49893
          ],
          [
            38.238748,
            -4.499082
          ],
          [
            38.238721,
            -4.499243
          ],
          [
            38.238686,
            -4.499655
          ],
          [
            38.238623,
            -4.500023
          ],
          [
            38.238478,
            -4.500309
          ],
          [
            38.238335,
            -4.500667
          ],
          [
            38.238317,
            -4.500882
          ],
          [
            38.238407,
            -4.501142
          ],
          [
            38.238686,
            -4.501464
          ],
          [
            38.238865,
            -4.50159
          ],
          [
            38.23908,
            -4.501733
          ],
          [
            38.239134,
            -4.501831
          ],
          [
            38.239126,
            -4.501876
          ],
          [
            38.23908,
            -4.501939
          ],
          [
            38.239,
            -4.502001
          ],
          [
            38.238883,
            -4.502082
          ],
          [
            38.23874,
            -4.502163
          ],
          [
            38.23865,
            -4.502252
          ],
          [
            38.238587,
            -4.502369
          ],
          [
            38.23856,
            -4.50253
          ],
          [
            38.238451,
            -4.502762
          ],
          [
            38.238272,
            -4.502941
          ],
          [
            38.238138,
            -4.50304
          ],
          [
            38.237949,
            -4.503058
          ],
          [
            38.237572,
            -4.503031
          ],
          [
            38.237436,
            -4.503076
          ],
          [
            38.237375,
            -4.503165
          ],
          [
            38.237356,
            -4.503273
          ],
          [
            38.237375,
            -4.503372
          ],
          [
            38.237472,
            -4.503542
          ],
          [
            38.237572,
            -4.503658
          ],
          [
            38.237715,
            -4.503792
          ],
          [
            38.237823,
            -4.503945
          ],
          [
            38.237841,
            -4.504053
          ],
          [
            38.237823,
            -4.50415
          ],
          [
            38.237769,
            -4.50424
          ],
          [
            38.237545,
            -4.504411
          ],
          [
            38.237257,
            -4.504598
          ],
          [
            38.236809,
            -4.504777
          ],
          [
            38.236709,
            -4.504849
          ],
          [
            38.236683,
            -4.504939
          ],
          [
            38.23679,
            -4.50519
          ],
          [
            38.23678,
            -4.505369
          ],
          [
            38.236656,
            -4.50553
          ],
          [
            38.23643,
            -4.505754
          ],
          [
            38.236251,
            -4.50587
          ],
          [
            38.236098,
            -4.50596
          ],
          [
            38.236036,
            -4.506049
          ],
          [
            38.236027,
            -4.506184
          ],
          [
            38.236071,
            -4.506336
          ],
          [
            38.236134,
            -4.506542
          ],
          [
            38.236143,
            -4.50665
          ],
          [
            38.236098,
            -4.506739
          ],
          [
            38.235918,
            -4.507053
          ],
          [
            38.235828,
            -4.507195
          ],
          [
            38.235811,
            -4.507267
          ],
          [
            38.235801,
            -4.507348
          ],
          [
            38.23582,
            -4.507401
          ],
          [
            38.235883,
            -4.5075
          ],
          [
            38.236036,
            -4.50776
          ],
          [
            38.236215,
            -4.508064
          ],
          [
            38.236278,
            -4.508207
          ],
          [
            38.236296,
            -4.508315
          ],
          [
            38.236251,
            -4.508423
          ],
          [
            38.236027,
            -4.50853
          ],
          [
            38.235641,
            -4.508745
          ],
          [
            38.235461,
            -4.508897
          ],
          [
            38.23538,
            -4.509005
          ],
          [
            38.235335,
            -4.509175
          ],
          [
            38.235344,
            -4.509551
          ],
          [
            38.23538,
            -4.50999
          ],
          [
            38.235398,
            -4.510384
          ],
          [
            38.235371,
            -4.510598
          ],
          [
            38.235299,
            -4.510697
          ],
          [
            38.235146,
            -4.510841
          ],
          [
            38.234895,
            -4.510939
          ],
          [
            38.234769,
            -4.510885
          ],
          [
            38.234616,
            -4.510867
          ],
          [
            38.234428,
            -4.510849
          ],
          [
            38.234283,
            -4.510814
          ],
          [
            38.23414,
            -4.51076
          ],
          [
            38.23387,
            -4.510679
          ],
          [
            38.233574,
            -4.510617
          ],
          [
            38.233421,
            -4.510545
          ],
          [
            38.23326,
            -4.510438
          ],
          [
            38.232882,
            -4.510195
          ],
          [
            38.232658,
            -4.51007
          ],
          [
            38.232371,
            -4.509927
          ],
          [
            38.232065,
            -4.509829
          ],
          [
            38.23175,
            -4.509703
          ],
          [
            38.231427,
            -4.50956
          ],
          [
            38.231293,
            -4.509515
          ],
          [
            38.231239,
            -4.509515
          ],
          [
            38.231176,
            -4.509533
          ],
          [
            38.2307,
            -4.509757
          ],
          [
            38.230556,
            -4.509792
          ],
          [
            38.230331,
            -4.509846
          ],
          [
            38.230151,
            -4.509909
          ],
          [
            38.230098,
            -4.509936
          ],
          [
            38.230071,
            -4.509981
          ],
          [
            38.229998,
            -4.510205
          ],
          [
            38.229972,
            -4.510232
          ],
          [
            38.229927,
            -4.510259
          ],
          [
            38.229838,
            -4.510276
          ],
          [
            38.229748,
            -4.510321
          ],
          [
            38.229658,
            -4.510411
          ],
          [
            38.229585,
            -4.510482
          ],
          [
            38.229541,
            -4.510536
          ],
          [
            38.229478,
            -4.510697
          ],
          [
            38.229442,
            -4.510733
          ],
          [
            38.229379,
            -4.51076
          ],
          [
            38.229325,
            -4.510769
          ],
          [
            38.22919,
            -4.510769
          ],
          [
            38.229127,
            -4.510787
          ],
          [
            38.229073,
            -4.510822
          ],
          [
            38.229038,
            -4.510849
          ],
          [
            38.228966,
            -4.510903
          ],
          [
            38.22883,
            -4.511082
          ],
          [
            38.228777,
            -4.511118
          ],
          [
            38.228534,
            -4.511234
          ],
          [
            38.228417,
            -4.511261
          ],
          [
            38.228247,
            -4.511297
          ],
          [
            38.228058,
            -4.511342
          ],
          [
            38.227798,
            -4.511441
          ],
          [
            38.227475,
            -4.511628
          ],
          [
            38.227205,
            -4.511799
          ],
          [
            38.226981,
            -4.511924
          ],
          [
            38.226765,
            -4.512067
          ],
          [
            38.226406,
            -4.512282
          ],
          [
            38.22628,
            -4.512345
          ],
          [
            38.2261,
            -4.512434
          ],
          [
            38.22592,
            -4.51247
          ],
          [
            38.225767,
            -4.512479
          ],
          [
            38.225669,
            -4.512453
          ],
          [
            38.225597,
            -4.512426
          ],
          [
            38.225553,
            -4.512399
          ],
          [
            38.225517,
            -4.512336
          ],
          [
            38.225463,
            -4.512148
          ],
          [
            38.225417,
            -4.512005
          ],
          [
            38.225364,
            -4.511861
          ],
          [
            38.225327,
            -4.511799
          ],
          [
            38.225256,
            -4.511682
          ],
          [
            38.225138,
            -4.511539
          ],
          [
            38.225014,
            -4.511396
          ],
          [
            38.224951,
            -4.511333
          ],
          [
            38.224888,
            -4.511207
          ],
          [
            38.224815,
            -4.511065
          ],
          [
            38.224662,
            -4.510912
          ],
          [
            38.224601,
            -4.510849
          ],
          [
            38.224429,
            -4.510697
          ],
          [
            38.224312,
            -4.510482
          ],
          [
            38.224151,
            -4.510106
          ],
          [
            38.224079,
            -4.5099
          ],
          [
            38.223926,
            -4.509819
          ],
          [
            38.223746,
            -4.50973
          ],
          [
            38.223549,
            -4.509613
          ],
          [
            38.223379,
            -4.509488
          ],
          [
            38.22318,
            -4.509247
          ],
          [
            38.222993,
            -4.509023
          ],
          [
            38.222867,
            -4.508807
          ],
          [
            38.222758,
            -4.508628
          ],
          [
            38.222516,
            -4.508244
          ],
          [
            38.222417,
            -4.5081
          ],
          [
            38.222327,
            -4.507948
          ],
          [
            38.222238,
            -4.507742
          ],
          [
            38.222138,
            -4.507643
          ],
          [
            38.221977,
            -4.5075
          ],
          [
            38.221698,
            -4.507232
          ],
          [
            38.221446,
            -4.507008
          ],
          [
            38.221267,
            -4.506873
          ],
          [
            38.221079,
            -4.50673
          ],
          [
            38.220845,
            -4.506578
          ],
          [
            38.220683,
            -4.506434
          ],
          [
            38.22053,
            -4.506282
          ],
          [
            38.220467,
            -4.50621
          ],
          [
            38.220343,
            -4.506139
          ],
          [
            38.220225,
            -4.50613
          ],
          [
            38.219938,
            -4.506139
          ],
          [
            38.219838,
            -4.506112
          ],
          [
            38.219767,
            -4.506076
          ],
          [
            38.219722,
            -4.50604
          ],
          [
            38.219651,
            -4.505951
          ],
          [
            38.219471,
            -4.505727
          ],
          [
            38.219417,
            -4.505646
          ],
          [
            38.219345,
            -4.505566
          ],
          [
            38.219255,
            -4.50553
          ],
          [
            38.219093,
            -4.505593
          ],
          [
            38.218976,
            -4.505664
          ],
          [
            38.218859,
            -4.505718
          ],
          [
            38.218743,
            -4.505691
          ],
          [
            38.218662,
            -4.505682
          ],
          [
            38.218545,
            -4.505682
          ],
          [
            38.218446,
            -4.505673
          ],
          [
            38.218375,
            -4.505637
          ],
          [
            38.218312,
            -4.505566
          ],
          [
            38.218222,
            -4.505449
          ],
          [
            38.218169,
            -4.505386
          ],
          [
            38.218016,
            -4.505252
          ],
          [
            38.21789,
            -4.505145
          ],
          [
            38.217773,
            -4.505028
          ],
          [
            38.217647,
            -4.504894
          ],
          [
            38.217557,
            -4.504706
          ],
          [
            38.217513,
            -4.504608
          ],
          [
            38.217477,
            -4.504545
          ],
          [
            38.217404,
            -4.504464
          ],
          [
            38.217351,
            -4.504419
          ],
          [
            38.217278,
            -4.504401
          ],
          [
            38.217278,
            -4.504339
          ],
          [
            38.217288,
            -4.504267
          ],
          [
            38.217288,
            -4.504195
          ],
          [
            38.217278,
            -4.50416
          ],
          [
            38.217243,
            -4.504142
          ],
          [
            38.217198,
            -4.504115
          ],
          [
            38.217081,
            -4.50407
          ],
          [
            38.217037,
            -4.504016
          ],
          [
            38.217001,
            -4.503918
          ],
          [
            38.216955,
            -4.503837
          ],
          [
            38.217018,
            -4.503766
          ],
          [
            38.217027,
            -4.503721
          ],
          [
            38.216974,
            -4.503488
          ],
          [
            38.216901,
            -4.503381
          ],
          [
            38.216794,
            -4.503184
          ],
          [
            38.216748,
            -4.503121
          ],
          [
            38.216731,
            -4.503023
          ],
          [
            38.216829,
            -4.502844
          ],
          [
            38.216874,
            -4.502709
          ],
          [
            38.216911,
            -4.502476
          ]
        ]
      },
      "properties": {
        "type": "track",
        "day": 3,
        "title": "יום 3: טרק למפלי Kidhege ולינה ב-Mambo View Point",
        "distance": "18 ק\"מ הליכה",
        "duration": "5–6 שעות הליכה נטו",
        "elevation": "עלייה מצטברת: 750 מטר (שיא גובה: 1,950 מ')",
        "description": "הליכה בין שרכי ענק ועצי בראשית אל מפלי Kidhege בלב הג'ונגל. תצפיות על קופי קולובוס בשולי היער. סיום בעלייה חדה אל המצוק הגבוה.",
        "link": "gpx/day3.gpx",
        "link_text": "📥 הורד קובץ GPX"
      }
    },
    {
      "type": "Feature",
      "geometry": {
        "type": "Point",
        "coordinates": [
          38.216911,
          -4.502476
        ]
      },
      "properties": {
        "type": "site",
        "day": 3,
        "title": "יום 3: לינה ב-Mambo View Point Eco Lodge",
        "distance": "סיום מקטע הליכה",
        "duration": "הגעה אחה\"צ",
        "elevation": "גובה: 1,950 מטר",
        "description": "התמקמות במתחם האקולוגי הייחודי Mambo View Point השוכן על שפת מצוק אדיר ומספק תצפיות פנורמיות מרהיבות לעבר העמקים והסוואנה.",
        "link": "https://plcnetwork.co.za/member/116/Mambo-View-Point-Eco-Lodge/",
        "link_text": "⛰️ אתר הבית של Mambo View Point"
      }
    },
    {
      "type": "Feature",
      "geometry": {
        "type": "LineString",
        "coordinates": [
          [
            38.21714,
            -4.504172
          ],
          [
            38.217094,
            -4.50425
          ],
          [
            38.217088,
            -4.504345
          ],
          [
            38.217061,
            -4.504435
          ],
          [
            38.217108,
            -4.504517
          ],
          [
            38.2171,
            -4.50461
          ],
          [
            38.21708,
            -4.504705
          ],
          [
            38.217026,
            -4.504783
          ],
          [
            38.216994,
            -4.504872
          ],
          [
            38.21696,
            -4.504957
          ],
          [
            38.216909,
            -4.505038
          ],
          [
            38.21684,
            -4.505103
          ],
          [
            38.216755,
            -4.505144
          ],
          [
            38.216679,
            -4.505201
          ],
          [
            38.216593,
            -4.505243
          ],
          [
            38.216511,
            -4.505294
          ],
          [
            38.216436,
            -4.505355
          ],
          [
            38.216381,
            -4.505427
          ],
          [
            38.216306,
            -4.505479
          ],
          [
            38.216248,
            -4.505551
          ],
          [
            38.216184,
            -4.505618
          ],
          [
            38.216126,
            -4.505693
          ],
          [
            38.216054,
            -4.505753
          ],
          [
            38.215989,
            -4.505821
          ],
          [
            38.215921,
            -4.505884
          ],
          [
            38.215871,
            -4.505962
          ],
          [
            38.215846,
            -4.506049
          ],
          [
            38.215843,
            -4.50614
          ],
          [
            38.215895,
            -4.506217
          ],
          [
            38.215816,
            -4.506263
          ],
          [
            38.215736,
            -4.506315
          ],
          [
            38.215657,
            -4.506357
          ],
          [
            38.215568,
            -4.506393
          ],
          [
            38.215402,
            -4.506501
          ],
          [
            38.215317,
            -4.506544
          ],
          [
            38.215234,
            -4.506584
          ],
          [
            38.215154,
            -4.506628
          ],
          [
            38.215067,
            -4.506657
          ],
          [
            38.214985,
            -4.506701
          ],
          [
            38.214892,
            -4.506723
          ],
          [
            38.214802,
            -4.50675
          ],
          [
            38.214711,
            -4.506786
          ],
          [
            38.214629,
            -4.506835
          ],
          [
            38.214568,
            -4.506903
          ],
          [
            38.214533,
            -4.506992
          ],
          [
            38.214495,
            -4.507078
          ],
          [
            38.214473,
            -4.507169
          ],
          [
            38.214494,
            -4.507259
          ],
          [
            38.214532,
            -4.507344
          ],
          [
            38.214477,
            -4.507421
          ],
          [
            38.214389,
            -4.507462
          ],
          [
            38.214321,
            -4.507525
          ],
          [
            38.214273,
            -4.507602
          ],
          [
            38.214232,
            -4.507684
          ],
          [
            38.214194,
            -4.507768
          ],
          [
            38.214124,
            -4.507834
          ],
          [
            38.214053,
            -4.507891
          ],
          [
            38.213963,
            -4.507871
          ],
          [
            38.213881,
            -4.507912
          ],
          [
            38.213787,
            -4.507936
          ],
          [
            38.213708,
            -4.507979
          ],
          [
            38.213616,
            -4.508007
          ],
          [
            38.213583,
            -4.50792
          ],
          [
            38.213499,
            -4.507878
          ],
          [
            38.213327,
            -4.507814
          ],
          [
            38.213189,
            -4.507673
          ],
          [
            38.213139,
            -4.507596
          ],
          [
            38.21306,
            -4.50755
          ],
          [
            38.212882,
            -4.507526
          ],
          [
            38.212791,
            -4.507527
          ],
          [
            38.212729,
            -4.507456
          ],
          [
            38.212674,
            -4.507377
          ],
          [
            38.2126,
            -4.507322
          ],
          [
            38.211847,
            -4.507943
          ],
          [
            38.211731,
            -4.508084
          ],
          [
            38.211769,
            -4.508638
          ],
          [
            38.211808,
            -4.508817
          ],
          [
            38.211994,
            -4.509327
          ],
          [
            38.211841,
            -4.510005
          ],
          [
            38.211836,
            -4.510196
          ],
          [
            38.211776,
            -4.510369
          ],
          [
            38.211694,
            -4.510534
          ],
          [
            38.211699,
            -4.510719
          ],
          [
            38.211696,
            -4.510902
          ],
          [
            38.21164,
            -4.510972
          ],
          [
            38.211554,
            -4.511132
          ],
          [
            38.211481,
            -4.511309
          ],
          [
            38.211439,
            -4.51139
          ],
          [
            38.211326,
            -4.511539
          ],
          [
            38.21125,
            -4.511594
          ],
          [
            38.211018,
            -4.511759
          ],
          [
            38.210916,
            -4.511824
          ],
          [
            38.210848,
            -4.511884
          ],
          [
            38.210713,
            -4.512005
          ],
          [
            38.210637,
            -4.512093
          ],
          [
            38.210566,
            -4.512163
          ],
          [
            38.210496,
            -4.512223
          ],
          [
            38.210414,
            -4.512272
          ],
          [
            38.210355,
            -4.512343
          ],
          [
            38.210295,
            -4.512411
          ],
          [
            38.210131,
            -4.512506
          ],
          [
            38.210048,
            -4.512547
          ],
          [
            38.209985,
            -4.512621
          ],
          [
            38.209906,
            -4.51268
          ],
          [
            38.209828,
            -4.51273
          ],
          [
            38.209753,
            -4.512784
          ],
          [
            38.209693,
            -4.512854
          ],
          [
            38.209631,
            -4.512923
          ],
          [
            38.209669,
            -4.513009
          ],
          [
            38.209721,
            -4.513087
          ],
          [
            38.209764,
            -4.51317
          ],
          [
            38.209772,
            -4.513261
          ],
          [
            38.209784,
            -4.513359
          ],
          [
            38.209716,
            -4.51342
          ],
          [
            38.209647,
            -4.513493
          ],
          [
            38.209583,
            -4.513559
          ],
          [
            38.209525,
            -4.513629
          ],
          [
            38.209481,
            -4.51371
          ],
          [
            38.209437,
            -4.51379
          ],
          [
            38.209392,
            -4.513875
          ],
          [
            38.209359,
            -4.513965
          ],
          [
            38.209341,
            -4.514057
          ],
          [
            38.209341,
            -4.514155
          ],
          [
            38.209371,
            -4.51425
          ],
          [
            38.209382,
            -4.51435
          ],
          [
            38.209321,
            -4.514419
          ],
          [
            38.209303,
            -4.514511
          ],
          [
            38.209296,
            -4.514608
          ],
          [
            38.209217,
            -4.514667
          ],
          [
            38.209179,
            -4.514759
          ],
          [
            38.209142,
            -4.514848
          ],
          [
            38.209099,
            -4.514928
          ],
          [
            38.209054,
            -4.51501
          ],
          [
            38.208998,
            -4.515089
          ],
          [
            38.20894,
            -4.515162
          ],
          [
            38.208877,
            -4.51523
          ],
          [
            38.208809,
            -4.515297
          ],
          [
            38.208739,
            -4.515354
          ],
          [
            38.208662,
            -4.515407
          ],
          [
            38.208588,
            -4.515467
          ],
          [
            38.208539,
            -4.51555
          ],
          [
            38.208501,
            -4.515633
          ],
          [
            38.208464,
            -4.515718
          ],
          [
            38.208421,
            -4.515806
          ],
          [
            38.208365,
            -4.515878
          ],
          [
            38.208317,
            -4.515956
          ],
          [
            38.208297,
            -4.516048
          ],
          [
            38.208283,
            -4.51614
          ],
          [
            38.208267,
            -4.516237
          ],
          [
            38.208244,
            -4.516329
          ],
          [
            38.20824,
            -4.516422
          ],
          [
            38.208232,
            -4.516512
          ],
          [
            38.208222,
            -4.516605
          ],
          [
            38.208219,
            -4.516706
          ],
          [
            38.208192,
            -4.516796
          ],
          [
            38.208175,
            -4.516888
          ],
          [
            38.208164,
            -4.516984
          ],
          [
            38.208137,
            -4.517075
          ],
          [
            38.208134,
            -4.517173
          ],
          [
            38.208108,
            -4.517269
          ],
          [
            38.208101,
            -4.517363
          ],
          [
            38.208113,
            -4.517455
          ],
          [
            38.208088,
            -4.517559
          ],
          [
            38.20807,
            -4.517648
          ],
          [
            38.208039,
            -4.517732
          ],
          [
            38.207978,
            -4.517814
          ],
          [
            38.208054,
            -4.51796
          ],
          [
            38.207948,
            -4.517922
          ],
          [
            38.207856,
            -4.517969
          ],
          [
            38.207814,
            -4.51806
          ],
          [
            38.207763,
            -4.518134
          ],
          [
            38.207685,
            -4.518308
          ],
          [
            38.207628,
            -4.518384
          ],
          [
            38.207605,
            -4.51857
          ],
          [
            38.207603,
            -4.518668
          ],
          [
            38.207607,
            -4.518759
          ],
          [
            38.207613,
            -4.51885
          ],
          [
            38.207633,
            -4.518947
          ],
          [
            38.207642,
            -4.519043
          ],
          [
            38.207665,
            -4.519134
          ],
          [
            38.207684,
            -4.519222
          ],
          [
            38.207703,
            -4.519315
          ],
          [
            38.207723,
            -4.519406
          ],
          [
            38.207751,
            -4.519493
          ],
          [
            38.207775,
            -4.519585
          ],
          [
            38.207806,
            -4.519674
          ],
          [
            38.207861,
            -4.51975
          ],
          [
            38.207936,
            -4.519805
          ],
          [
            38.208008,
            -4.519864
          ],
          [
            38.208092,
            -4.519913
          ],
          [
            38.208183,
            -4.519945
          ],
          [
            38.208275,
            -4.519989
          ],
          [
            38.208362,
            -4.520012
          ],
          [
            38.20845,
            -4.520047
          ],
          [
            38.208539,
            -4.520065
          ],
          [
            38.208632,
            -4.520085
          ],
          [
            38.208721,
            -4.520113
          ],
          [
            38.208812,
            -4.520132
          ],
          [
            38.208896,
            -4.520182
          ],
          [
            38.208981,
            -4.520213
          ],
          [
            38.209061,
            -4.520262
          ],
          [
            38.20914,
            -4.520322
          ],
          [
            38.209222,
            -4.520368
          ],
          [
            38.209301,
            -4.520422
          ],
          [
            38.209378,
            -4.520479
          ],
          [
            38.209457,
            -4.520523
          ],
          [
            38.209532,
            -4.52059
          ],
          [
            38.209619,
            -4.520624
          ],
          [
            38.209689,
            -4.520683
          ],
          [
            38.209765,
            -4.520734
          ],
          [
            38.209846,
            -4.520793
          ],
          [
            38.209913,
            -4.520859
          ],
          [
            38.209977,
            -4.520933
          ],
          [
            38.210055,
            -4.520979
          ],
          [
            38.210141,
            -4.521025
          ],
          [
            38.210232,
            -4.521064
          ],
          [
            38.2103,
            -4.521129
          ],
          [
            38.210353,
            -4.521202
          ],
          [
            38.210417,
            -4.521282
          ],
          [
            38.210479,
            -4.521368
          ],
          [
            38.21054,
            -4.521443
          ],
          [
            38.210578,
            -4.521526
          ],
          [
            38.210645,
            -4.521596
          ],
          [
            38.210696,
            -4.521672
          ],
          [
            38.210759,
            -4.52174
          ],
          [
            38.210805,
            -4.52182
          ],
          [
            38.210857,
            -4.5219
          ],
          [
            38.210919,
            -4.521976
          ],
          [
            38.210956,
            -4.522058
          ],
          [
            38.211018,
            -4.522132
          ],
          [
            38.211038,
            -4.522233
          ],
          [
            38.21107,
            -4.522333
          ],
          [
            38.211114,
            -4.522414
          ],
          [
            38.211144,
            -4.522501
          ],
          [
            38.211173,
            -4.522591
          ],
          [
            38.211196,
            -4.522689
          ],
          [
            38.211214,
            -4.522785
          ],
          [
            38.21122,
            -4.522884
          ],
          [
            38.211203,
            -4.52298
          ],
          [
            38.211203,
            -4.523075
          ],
          [
            38.211198,
            -4.523167
          ],
          [
            38.21119,
            -4.523267
          ],
          [
            38.211179,
            -4.523366
          ],
          [
            38.211171,
            -4.523456
          ],
          [
            38.211153,
            -4.52355
          ],
          [
            38.211128,
            -4.52365
          ],
          [
            38.211102,
            -4.523738
          ],
          [
            38.211057,
            -4.523822
          ],
          [
            38.211006,
            -4.523897
          ],
          [
            38.210966,
            -4.523984
          ],
          [
            38.210936,
            -4.524071
          ],
          [
            38.210933,
            -4.524164
          ],
          [
            38.210916,
            -4.524256
          ],
          [
            38.210885,
            -4.524343
          ],
          [
            38.210877,
            -4.524434
          ],
          [
            38.21081,
            -4.524505
          ],
          [
            38.210748,
            -4.524577
          ],
          [
            38.210664,
            -4.524626
          ],
          [
            38.210575,
            -4.524654
          ],
          [
            38.210477,
            -4.524641
          ],
          [
            38.210381,
            -4.524647
          ],
          [
            38.210288,
            -4.524679
          ],
          [
            38.210215,
            -4.524738
          ],
          [
            38.210134,
            -4.524784
          ],
          [
            38.210071,
            -4.524849
          ],
          [
            38.210063,
            -4.524944
          ],
          [
            38.210083,
            -4.525038
          ],
          [
            38.210092,
            -4.525345
          ],
          [
            38.210054,
            -4.525427
          ],
          [
            38.210005,
            -4.525514
          ],
          [
            38.209985,
            -4.525606
          ],
          [
            38.209952,
            -4.525695
          ],
          [
            38.209946,
            -4.525801
          ],
          [
            38.209945,
            -4.525894
          ],
          [
            38.209911,
            -4.525982
          ],
          [
            38.20985,
            -4.526152
          ],
          [
            38.209793,
            -4.526266
          ],
          [
            38.209725,
            -4.526331
          ],
          [
            38.209654,
            -4.526389
          ],
          [
            38.20959,
            -4.526459
          ],
          [
            38.209599,
            -4.526559
          ],
          [
            38.209555,
            -4.526648
          ],
          [
            38.209498,
            -4.526731
          ],
          [
            38.209415,
            -4.52678
          ],
          [
            38.209332,
            -4.526832
          ],
          [
            38.209269,
            -4.526905
          ],
          [
            38.209193,
            -4.526957
          ],
          [
            38.209126,
            -4.527022
          ],
          [
            38.209073,
            -4.527096
          ],
          [
            38.20902,
            -4.527177
          ],
          [
            38.20897,
            -4.527253
          ],
          [
            38.20891,
            -4.527323
          ],
          [
            38.208841,
            -4.527388
          ],
          [
            38.208778,
            -4.527462
          ],
          [
            38.208711,
            -4.527535
          ],
          [
            38.208647,
            -4.527605
          ],
          [
            38.208569,
            -4.527652
          ],
          [
            38.208501,
            -4.527713
          ],
          [
            38.208427,
            -4.527765
          ],
          [
            38.208368,
            -4.527846
          ],
          [
            38.208321,
            -4.527926
          ],
          [
            38.20829,
            -4.528017
          ],
          [
            38.208254,
            -4.528102
          ],
          [
            38.208204,
            -4.52818
          ],
          [
            38.208185,
            -4.528273
          ],
          [
            38.208148,
            -4.528355
          ],
          [
            38.208124,
            -4.528448
          ],
          [
            38.208096,
            -4.528539
          ],
          [
            38.208069,
            -4.528627
          ],
          [
            38.208101,
            -4.52872
          ],
          [
            38.208148,
            -4.528806
          ],
          [
            38.208198,
            -4.528974
          ],
          [
            38.208206,
            -4.529065
          ],
          [
            38.208255,
            -4.529244
          ],
          [
            38.208262,
            -4.529336
          ],
          [
            38.208254,
            -4.52943
          ],
          [
            38.20823,
            -4.529517
          ],
          [
            38.208267,
            -4.529606
          ],
          [
            38.208289,
            -4.529711
          ],
          [
            38.208281,
            -4.529806
          ],
          [
            38.208267,
            -4.529897
          ],
          [
            38.208208,
            -4.529979
          ],
          [
            38.208156,
            -4.530056
          ],
          [
            38.208081,
            -4.53011
          ],
          [
            38.208011,
            -4.530179
          ],
          [
            38.207947,
            -4.530246
          ],
          [
            38.207884,
            -4.530317
          ],
          [
            38.207708,
            -4.530518
          ],
          [
            38.20768,
            -4.530612
          ],
          [
            38.207692,
            -4.530703
          ],
          [
            38.20768,
            -4.530796
          ],
          [
            38.207684,
            -4.530892
          ],
          [
            38.207673,
            -4.530987
          ],
          [
            38.207645,
            -4.531074
          ],
          [
            38.207593,
            -4.531149
          ],
          [
            38.207534,
            -4.531225
          ],
          [
            38.207505,
            -4.531311
          ],
          [
            38.207488,
            -4.531405
          ],
          [
            38.207523,
            -4.531493
          ],
          [
            38.20757,
            -4.531785
          ],
          [
            38.207759,
            -4.53208
          ],
          [
            38.207813,
            -4.53223
          ],
          [
            38.20783,
            -4.532328
          ],
          [
            38.207825,
            -4.532419
          ],
          [
            38.207779,
            -4.532594
          ],
          [
            38.207709,
            -4.532765
          ],
          [
            38.207668,
            -4.532943
          ],
          [
            38.207527,
            -4.533065
          ],
          [
            38.207365,
            -4.533159
          ],
          [
            38.207208,
            -4.533264
          ],
          [
            38.207122,
            -4.533334
          ],
          [
            38.207044,
            -4.533387
          ],
          [
            38.20696,
            -4.533438
          ],
          [
            38.206899,
            -4.533508
          ],
          [
            38.206827,
            -4.533572
          ],
          [
            38.20676,
            -4.533633
          ],
          [
            38.20669,
            -4.533697
          ],
          [
            38.206627,
            -4.533767
          ],
          [
            38.206581,
            -4.53385
          ],
          [
            38.206568,
            -4.53394
          ],
          [
            38.206635,
            -4.534006
          ],
          [
            38.206722,
            -4.534041
          ],
          [
            38.206808,
            -4.534083
          ],
          [
            38.20689,
            -4.534121
          ],
          [
            38.206978,
            -4.53414
          ],
          [
            38.207072,
            -4.534182
          ],
          [
            38.207165,
            -4.534204
          ],
          [
            38.207201,
            -4.534289
          ],
          [
            38.207237,
            -4.534378
          ],
          [
            38.20729,
            -4.534452
          ],
          [
            38.207315,
            -4.53454
          ],
          [
            38.207345,
            -4.534634
          ],
          [
            38.207392,
            -4.534716
          ],
          [
            38.207463,
            -4.534888
          ],
          [
            38.207519,
            -4.534963
          ],
          [
            38.207628,
            -4.535111
          ],
          [
            38.207735,
            -4.535239
          ],
          [
            38.207815,
            -4.535294
          ],
          [
            38.207967,
            -4.535404
          ],
          [
            38.208038,
            -4.535468
          ],
          [
            38.208232,
            -4.535668
          ],
          [
            38.208593,
            -4.535885
          ],
          [
            38.208662,
            -4.535949
          ],
          [
            38.208872,
            -4.536362
          ],
          [
            38.208741,
            -4.536702
          ],
          [
            38.209064,
            -4.536822
          ],
          [
            38.209254,
            -4.53683
          ],
          [
            38.209375,
            -4.536692
          ],
          [
            38.209485,
            -4.536601
          ],
          [
            38.20958,
            -4.536607
          ],
          [
            38.209681,
            -4.536593
          ],
          [
            38.209777,
            -4.536596
          ],
          [
            38.209873,
            -4.536595
          ],
          [
            38.209965,
            -4.536594
          ],
          [
            38.210056,
            -4.536586
          ],
          [
            38.210151,
            -4.536564
          ],
          [
            38.210239,
            -4.536529
          ],
          [
            38.210319,
            -4.536574
          ],
          [
            38.210378,
            -4.536647
          ],
          [
            38.210467,
            -4.536673
          ],
          [
            38.210562,
            -4.536712
          ],
          [
            38.210653,
            -4.536745
          ],
          [
            38.210746,
            -4.536756
          ],
          [
            38.210833,
            -4.536798
          ],
          [
            38.210909,
            -4.53685
          ],
          [
            38.210991,
            -4.536901
          ],
          [
            38.211078,
            -4.536934
          ],
          [
            38.21114,
            -4.537003
          ],
          [
            38.211198,
            -4.537078
          ],
          [
            38.211281,
            -4.537142
          ],
          [
            38.211365,
            -4.537174
          ],
          [
            38.211459,
            -4.537185
          ],
          [
            38.211545,
            -4.537231
          ],
          [
            38.211628,
            -4.537278
          ],
          [
            38.21169,
            -4.537347
          ],
          [
            38.211762,
            -4.537411
          ],
          [
            38.211845,
            -4.537454
          ],
          [
            38.21192,
            -4.537512
          ],
          [
            38.211989,
            -4.537574
          ],
          [
            38.212038,
            -4.537652
          ],
          [
            38.212085,
            -4.537741
          ],
          [
            38.212048,
            -4.537825
          ],
          [
            38.211966,
            -4.537984
          ],
          [
            38.211883,
            -4.538023
          ],
          [
            38.211789,
            -4.538011
          ],
          [
            38.211718,
            -4.538075
          ],
          [
            38.21155,
            -4.538155
          ],
          [
            38.211466,
            -4.538186
          ],
          [
            38.211326,
            -4.538306
          ],
          [
            38.211141,
            -4.538324
          ],
          [
            38.210966,
            -4.538262
          ],
          [
            38.210791,
            -4.5382
          ],
          [
            38.210599,
            -4.538171
          ],
          [
            38.21051,
            -4.538193
          ],
          [
            38.210354,
            -4.538287
          ],
          [
            38.21027,
            -4.538341
          ],
          [
            38.210204,
            -4.538404
          ],
          [
            38.210137,
            -4.538468
          ],
          [
            38.210091,
            -4.53855
          ],
          [
            38.210071,
            -4.538642
          ],
          [
            38.210083,
            -4.538735
          ],
          [
            38.210082,
            -4.538832
          ],
          [
            38.210055,
            -4.538925
          ],
          [
            38.21,
            -4.538999
          ],
          [
            38.209993,
            -4.539092
          ],
          [
            38.21002,
            -4.539179
          ],
          [
            38.21006,
            -4.539273
          ],
          [
            38.210109,
            -4.539356
          ],
          [
            38.210157,
            -4.539446
          ],
          [
            38.210164,
            -4.53954
          ],
          [
            38.21017,
            -4.539637
          ],
          [
            38.210186,
            -4.539729
          ],
          [
            38.210206,
            -4.539827
          ],
          [
            38.210247,
            -4.539914
          ],
          [
            38.210275,
            -4.540004
          ],
          [
            38.210314,
            -4.5401
          ],
          [
            38.210342,
            -4.540187
          ],
          [
            38.210354,
            -4.540278
          ],
          [
            38.210385,
            -4.540369
          ],
          [
            38.210389,
            -4.540462
          ],
          [
            38.210378,
            -4.540562
          ],
          [
            38.210379,
            -4.540654
          ],
          [
            38.210381,
            -4.540749
          ],
          [
            38.210361,
            -4.54084
          ],
          [
            38.210339,
            -4.540932
          ],
          [
            38.2103,
            -4.541017
          ],
          [
            38.210241,
            -4.541095
          ],
          [
            38.210186,
            -4.541175
          ],
          [
            38.210126,
            -4.541253
          ],
          [
            38.210037,
            -4.541298
          ],
          [
            38.209956,
            -4.541342
          ],
          [
            38.209906,
            -4.541418
          ],
          [
            38.209858,
            -4.541502
          ],
          [
            38.209792,
            -4.541573
          ],
          [
            38.209745,
            -4.541653
          ],
          [
            38.209722,
            -4.541746
          ],
          [
            38.209689,
            -4.541838
          ],
          [
            38.209639,
            -4.541919
          ],
          [
            38.209553,
            -4.541965
          ],
          [
            38.20945,
            -4.541978
          ],
          [
            38.209364,
            -4.542023
          ],
          [
            38.209313,
            -4.542105
          ],
          [
            38.209281,
            -4.542192
          ],
          [
            38.209264,
            -4.542281
          ],
          [
            38.209246,
            -4.542372
          ],
          [
            38.209234,
            -4.54247
          ],
          [
            38.209158,
            -4.542532
          ],
          [
            38.209095,
            -4.542602
          ],
          [
            38.209026,
            -4.542666
          ],
          [
            38.208966,
            -4.542736
          ],
          [
            38.208938,
            -4.542822
          ],
          [
            38.20888,
            -4.542899
          ],
          [
            38.208848,
            -4.542987
          ],
          [
            38.208792,
            -4.543067
          ],
          [
            38.208747,
            -4.543163
          ],
          [
            38.208722,
            -4.54325
          ],
          [
            38.208715,
            -4.543342
          ],
          [
            38.208723,
            -4.543435
          ],
          [
            38.208702,
            -4.543525
          ],
          [
            38.208675,
            -4.543614
          ],
          [
            38.20869,
            -4.54371
          ],
          [
            38.208704,
            -4.543806
          ],
          [
            38.208719,
            -4.543898
          ],
          [
            38.20871,
            -4.543991
          ],
          [
            38.208712,
            -4.544085
          ],
          [
            38.208682,
            -4.544176
          ],
          [
            38.208674,
            -4.544269
          ],
          [
            38.208675,
            -4.544361
          ],
          [
            38.208675,
            -4.544457
          ],
          [
            38.208663,
            -4.544549
          ],
          [
            38.208651,
            -4.544645
          ],
          [
            38.208637,
            -4.544744
          ],
          [
            38.20866,
            -4.544832
          ],
          [
            38.2087,
            -4.544915
          ],
          [
            38.208745,
            -4.544996
          ],
          [
            38.208808,
            -4.545062
          ],
          [
            38.208859,
            -4.545141
          ],
          [
            38.208931,
            -4.5452
          ],
          [
            38.208989,
            -4.54527
          ],
          [
            38.209067,
            -4.545342
          ],
          [
            38.209132,
            -4.545407
          ],
          [
            38.209221,
            -4.545443
          ],
          [
            38.209309,
            -4.545475
          ],
          [
            38.209406,
            -4.545469
          ],
          [
            38.2095,
            -4.545458
          ],
          [
            38.209596,
            -4.545449
          ],
          [
            38.209669,
            -4.545509
          ],
          [
            38.209701,
            -4.545596
          ],
          [
            38.209694,
            -4.545702
          ],
          [
            38.209736,
            -4.545789
          ],
          [
            38.209822,
            -4.545838
          ],
          [
            38.209907,
            -4.545873
          ],
          [
            38.210005,
            -4.545886
          ],
          [
            38.210173,
            -4.546019
          ],
          [
            38.21026,
            -4.54604
          ],
          [
            38.21035,
            -4.546059
          ],
          [
            38.210444,
            -4.546061
          ],
          [
            38.210534,
            -4.546065
          ],
          [
            38.210624,
            -4.546063
          ],
          [
            38.210717,
            -4.546076
          ],
          [
            38.210795,
            -4.546135
          ],
          [
            38.210888,
            -4.54616
          ],
          [
            38.210974,
            -4.546203
          ],
          [
            38.211062,
            -4.54623
          ],
          [
            38.211148,
            -4.546266
          ],
          [
            38.211231,
            -4.546312
          ],
          [
            38.211313,
            -4.546362
          ],
          [
            38.211395,
            -4.5464
          ],
          [
            38.211481,
            -4.546443
          ],
          [
            38.211557,
            -4.54649
          ],
          [
            38.211627,
            -4.546553
          ],
          [
            38.211717,
            -4.546589
          ],
          [
            38.211813,
            -4.546582
          ],
          [
            38.211904,
            -4.546612
          ],
          [
            38.211993,
            -4.546644
          ],
          [
            38.212093,
            -4.546674
          ],
          [
            38.212178,
            -4.546716
          ],
          [
            38.212268,
            -4.546741
          ],
          [
            38.212355,
            -4.546773
          ],
          [
            38.212438,
            -4.546813
          ],
          [
            38.212528,
            -4.546861
          ],
          [
            38.212595,
            -4.54693
          ],
          [
            38.212622,
            -4.547024
          ],
          [
            38.212599,
            -4.547117
          ],
          [
            38.212553,
            -4.547197
          ],
          [
            38.21252,
            -4.54729
          ],
          [
            38.212473,
            -4.547372
          ],
          [
            38.212417,
            -4.547453
          ],
          [
            38.21235,
            -4.547519
          ],
          [
            38.212281,
            -4.547592
          ],
          [
            38.212218,
            -4.547665
          ],
          [
            38.212148,
            -4.547724
          ],
          [
            38.212065,
            -4.547789
          ],
          [
            38.211998,
            -4.547853
          ],
          [
            38.211951,
            -4.547931
          ],
          [
            38.211931,
            -4.548026
          ],
          [
            38.211919,
            -4.548124
          ],
          [
            38.211837,
            -4.548164
          ],
          [
            38.211742,
            -4.548114
          ],
          [
            38.211659,
            -4.548064
          ],
          [
            38.211593,
            -4.547999
          ],
          [
            38.211499,
            -4.547979
          ],
          [
            38.211399,
            -4.547974
          ],
          [
            38.211308,
            -4.547979
          ],
          [
            38.211216,
            -4.547974
          ],
          [
            38.211124,
            -4.547959
          ],
          [
            38.211029,
            -4.547943
          ],
          [
            38.210941,
            -4.547895
          ],
          [
            38.210858,
            -4.547853
          ],
          [
            38.210774,
            -4.547812
          ],
          [
            38.210691,
            -4.547749
          ],
          [
            38.210602,
            -4.547709
          ],
          [
            38.210516,
            -4.547671
          ],
          [
            38.210432,
            -4.547634
          ],
          [
            38.210341,
            -4.547622
          ],
          [
            38.210259,
            -4.547586
          ],
          [
            38.210173,
            -4.547539
          ],
          [
            38.210092,
            -4.547484
          ],
          [
            38.210019,
            -4.54743
          ],
          [
            38.209945,
            -4.547374
          ],
          [
            38.209859,
            -4.547345
          ],
          [
            38.209771,
            -4.547311
          ],
          [
            38.209678,
            -4.547277
          ],
          [
            38.20959,
            -4.547244
          ],
          [
            38.209512,
            -4.547197
          ],
          [
            38.209422,
            -4.547176
          ],
          [
            38.209324,
            -4.547189
          ],
          [
            38.209227,
            -4.54721
          ],
          [
            38.209156,
            -4.547281
          ],
          [
            38.209139,
            -4.547371
          ],
          [
            38.209127,
            -4.547464
          ],
          [
            38.20912,
            -4.547565
          ],
          [
            38.209178,
            -4.547635
          ],
          [
            38.209241,
            -4.547722
          ],
          [
            38.209277,
            -4.547815
          ],
          [
            38.209282,
            -4.547912
          ],
          [
            38.209286,
            -4.54801
          ],
          [
            38.209296,
            -4.548106
          ],
          [
            38.209339,
            -4.548188
          ],
          [
            38.209358,
            -4.548287
          ],
          [
            38.209392,
            -4.548371
          ],
          [
            38.209445,
            -4.548464
          ],
          [
            38.209453,
            -4.54856
          ],
          [
            38.209426,
            -4.548656
          ],
          [
            38.209413,
            -4.548749
          ],
          [
            38.209414,
            -4.548842
          ],
          [
            38.209414,
            -4.548941
          ],
          [
            38.209441,
            -4.549035
          ],
          [
            38.209508,
            -4.549114
          ],
          [
            38.209591,
            -4.549176
          ],
          [
            38.209667,
            -4.54924
          ],
          [
            38.20971,
            -4.549322
          ],
          [
            38.209757,
            -4.549413
          ],
          [
            38.209787,
            -4.549505
          ],
          [
            38.209816,
            -4.5496
          ],
          [
            38.20984,
            -4.549692
          ],
          [
            38.209879,
            -4.549775
          ],
          [
            38.209919,
            -4.549864
          ],
          [
            38.209942,
            -4.549965
          ],
          [
            38.209929,
            -4.550054
          ],
          [
            38.209957,
            -4.550235
          ],
          [
            38.20998,
            -4.550325
          ],
          [
            38.21002,
            -4.550411
          ],
          [
            38.210063,
            -4.550496
          ],
          [
            38.210097,
            -4.550584
          ],
          [
            38.210114,
            -4.550677
          ],
          [
            38.210134,
            -4.550768
          ],
          [
            38.210115,
            -4.550858
          ],
          [
            38.210083,
            -4.550946
          ],
          [
            38.210075,
            -4.55105
          ],
          [
            38.210082,
            -4.551145
          ],
          [
            38.210106,
            -4.551245
          ],
          [
            38.210122,
            -4.551336
          ],
          [
            38.210137,
            -4.551426
          ],
          [
            38.210126,
            -4.551521
          ],
          [
            38.210099,
            -4.55162
          ],
          [
            38.210084,
            -4.551711
          ],
          [
            38.210066,
            -4.551803
          ],
          [
            38.210063,
            -4.551898
          ],
          [
            38.210097,
            -4.551985
          ],
          [
            38.21017,
            -4.552039
          ],
          [
            38.210257,
            -4.552071
          ],
          [
            38.210396,
            -4.552206
          ],
          [
            38.210425,
            -4.552387
          ],
          [
            38.21037,
            -4.55256
          ],
          [
            38.210315,
            -4.55274
          ],
          [
            38.210208,
            -4.552897
          ],
          [
            38.210224,
            -4.553083
          ],
          [
            38.210378,
            -4.553185
          ],
          [
            38.21046,
            -4.553349
          ],
          [
            38.210593,
            -4.553485
          ],
          [
            38.210693,
            -4.553636
          ],
          [
            38.210731,
            -4.553732
          ],
          [
            38.210755,
            -4.553822
          ],
          [
            38.210772,
            -4.553915
          ],
          [
            38.210693,
            -4.554082
          ],
          [
            38.210582,
            -4.55423
          ],
          [
            38.210565,
            -4.554418
          ],
          [
            38.210687,
            -4.554565
          ],
          [
            38.210827,
            -4.554703
          ],
          [
            38.210963,
            -4.554824
          ],
          [
            38.211106,
            -4.55495
          ],
          [
            38.211239,
            -4.55508
          ],
          [
            38.211416,
            -4.555151
          ],
          [
            38.211585,
            -4.555076
          ],
          [
            38.211773,
            -4.555055
          ],
          [
            38.211902,
            -4.555186
          ],
          [
            38.212013,
            -4.55534
          ],
          [
            38.212134,
            -4.555485
          ],
          [
            38.212316,
            -4.555525
          ],
          [
            38.212505,
            -4.555495
          ],
          [
            38.212682,
            -4.555458
          ],
          [
            38.212857,
            -4.555509
          ],
          [
            38.212831,
            -4.555689
          ],
          [
            38.212757,
            -4.555859
          ],
          [
            38.212679,
            -4.55601
          ],
          [
            38.21265,
            -4.556114
          ],
          [
            38.212667,
            -4.556206
          ],
          [
            38.212803,
            -4.556331
          ],
          [
            38.212881,
            -4.5564
          ],
          [
            38.212946,
            -4.55647
          ],
          [
            38.213025,
            -4.556645
          ],
          [
            38.213016,
            -4.556737
          ],
          [
            38.212949,
            -4.55681
          ],
          [
            38.212882,
            -4.556873
          ],
          [
            38.212796,
            -4.557039
          ],
          [
            38.212916,
            -4.557176
          ],
          [
            38.213,
            -4.55722
          ],
          [
            38.213078,
            -4.55727
          ],
          [
            38.21316,
            -4.557323
          ],
          [
            38.213239,
            -4.55728
          ],
          [
            38.213302,
            -4.557359
          ],
          [
            38.213389,
            -4.557417
          ],
          [
            38.213468,
            -4.557459
          ],
          [
            38.213558,
            -4.557414
          ],
          [
            38.213598,
            -4.557331
          ],
          [
            38.213673,
            -4.557268
          ],
          [
            38.213756,
            -4.557227
          ],
          [
            38.213841,
            -4.557189
          ],
          [
            38.213919,
            -4.557142
          ],
          [
            38.213976,
            -4.557073
          ],
          [
            38.214042,
            -4.557008
          ],
          [
            38.214132,
            -4.556973
          ],
          [
            38.214216,
            -4.557012
          ],
          [
            38.214304,
            -4.557039
          ],
          [
            38.214454,
            -4.557141
          ],
          [
            38.21454,
            -4.557294
          ],
          [
            38.214633,
            -4.557569
          ],
          [
            38.21469,
            -4.557649
          ],
          [
            38.214735,
            -4.557729
          ],
          [
            38.214804,
            -4.557799
          ],
          [
            38.214884,
            -4.557842
          ],
          [
            38.214974,
            -4.557804
          ],
          [
            38.215053,
            -4.55785
          ],
          [
            38.215143,
            -4.557828
          ],
          [
            38.215236,
            -4.557813
          ],
          [
            38.215415,
            -4.557777
          ],
          [
            38.215509,
            -4.557777
          ],
          [
            38.215598,
            -4.557749
          ],
          [
            38.21569,
            -4.557741
          ],
          [
            38.215784,
            -4.557747
          ],
          [
            38.215877,
            -4.557745
          ],
          [
            38.215973,
            -4.55776
          ],
          [
            38.216056,
            -4.557807
          ],
          [
            38.21614,
            -4.557856
          ],
          [
            38.216213,
            -4.557917
          ],
          [
            38.216291,
            -4.557973
          ],
          [
            38.216361,
            -4.558037
          ],
          [
            38.216437,
            -4.558098
          ],
          [
            38.216515,
            -4.558145
          ],
          [
            38.216586,
            -4.558206
          ],
          [
            38.216671,
            -4.558259
          ],
          [
            38.216716,
            -4.558343
          ],
          [
            38.216888,
            -4.558422
          ],
          [
            38.216978,
            -4.558457
          ],
          [
            38.217057,
            -4.558503
          ],
          [
            38.217143,
            -4.558536
          ],
          [
            38.21722,
            -4.55859
          ],
          [
            38.2173,
            -4.55864
          ],
          [
            38.217384,
            -4.558684
          ],
          [
            38.217473,
            -4.558709
          ],
          [
            38.217554,
            -4.558752
          ],
          [
            38.217648,
            -4.558733
          ],
          [
            38.217739,
            -4.558729
          ],
          [
            38.217794,
            -4.558804
          ],
          [
            38.217848,
            -4.558884
          ],
          [
            38.217879,
            -4.558974
          ],
          [
            38.217947,
            -4.559053
          ],
          [
            38.218013,
            -4.55912
          ],
          [
            38.218036,
            -4.559214
          ],
          [
            38.218047,
            -4.559305
          ],
          [
            38.21808,
            -4.559393
          ],
          [
            38.21814,
            -4.559463
          ],
          [
            38.218197,
            -4.559539
          ],
          [
            38.218265,
            -4.559606
          ],
          [
            38.218323,
            -4.559678
          ],
          [
            38.218418,
            -4.559713
          ],
          [
            38.218499,
            -4.559756
          ],
          [
            38.218559,
            -4.559824
          ],
          [
            38.218705,
            -4.559932
          ],
          [
            38.218891,
            -4.559909
          ],
          [
            38.21907,
            -4.559873
          ],
          [
            38.219099,
            -4.559784
          ],
          [
            38.219182,
            -4.559832
          ],
          [
            38.219142,
            -4.560013
          ],
          [
            38.219319,
            -4.559956
          ],
          [
            38.219452,
            -4.560072
          ],
          [
            38.219528,
            -4.560131
          ],
          [
            38.219585,
            -4.560207
          ],
          [
            38.219667,
            -4.56025
          ],
          [
            38.219738,
            -4.560306
          ],
          [
            38.219815,
            -4.560353
          ],
          [
            38.219861,
            -4.560435
          ],
          [
            38.219891,
            -4.560522
          ],
          [
            38.219921,
            -4.560609
          ],
          [
            38.219948,
            -4.560696
          ],
          [
            38.219988,
            -4.560783
          ],
          [
            38.219994,
            -4.560879
          ],
          [
            38.219995,
            -4.56097
          ],
          [
            38.219976,
            -4.561062
          ],
          [
            38.219923,
            -4.561135
          ],
          [
            38.219975,
            -4.561218
          ],
          [
            38.220054,
            -4.561273
          ],
          [
            38.220132,
            -4.561346
          ],
          [
            38.220183,
            -4.561423
          ],
          [
            38.220251,
            -4.561486
          ],
          [
            38.220337,
            -4.561528
          ],
          [
            38.220434,
            -4.561554
          ],
          [
            38.220522,
            -4.561579
          ],
          [
            38.22062,
            -4.561571
          ],
          [
            38.220714,
            -4.561553
          ],
          [
            38.220811,
            -4.561527
          ],
          [
            38.220878,
            -4.561466
          ],
          [
            38.220946,
            -4.561405
          ],
          [
            38.221024,
            -4.561348
          ],
          [
            38.22111,
            -4.561298
          ],
          [
            38.221209,
            -4.561267
          ],
          [
            38.221296,
            -4.5613
          ],
          [
            38.221378,
            -4.561345
          ],
          [
            38.221468,
            -4.561361
          ],
          [
            38.221556,
            -4.561408
          ],
          [
            38.221653,
            -4.561432
          ],
          [
            38.221752,
            -4.56143
          ],
          [
            38.221845,
            -4.561432
          ],
          [
            38.221942,
            -4.56144
          ],
          [
            38.222034,
            -4.561412
          ],
          [
            38.222132,
            -4.561397
          ],
          [
            38.222227,
            -4.561391
          ],
          [
            38.222333,
            -4.561379
          ],
          [
            38.222416,
            -4.56133
          ],
          [
            38.222463,
            -4.561251
          ],
          [
            38.222537,
            -4.561192
          ],
          [
            38.222637,
            -4.561216
          ],
          [
            38.222707,
            -4.561275
          ],
          [
            38.222775,
            -4.561346
          ],
          [
            38.222826,
            -4.561422
          ],
          [
            38.222861,
            -4.561509
          ],
          [
            38.222884,
            -4.561601
          ],
          [
            38.222952,
            -4.561671
          ],
          [
            38.22304,
            -4.561706
          ],
          [
            38.223144,
            -4.561683
          ],
          [
            38.223234,
            -4.561667
          ],
          [
            38.223339,
            -4.561678
          ],
          [
            38.223431,
            -4.561705
          ],
          [
            38.22353,
            -4.561714
          ],
          [
            38.223628,
            -4.561701
          ],
          [
            38.223713,
            -4.56167
          ],
          [
            38.223813,
            -4.561664
          ],
          [
            38.22391,
            -4.561649
          ],
          [
            38.224001,
            -4.561627
          ],
          [
            38.224091,
            -4.561658
          ],
          [
            38.224182,
            -4.561694
          ],
          [
            38.224284,
            -4.56171
          ],
          [
            38.224375,
            -4.561709
          ],
          [
            38.224477,
            -4.561708
          ],
          [
            38.22457,
            -4.56172
          ],
          [
            38.224661,
            -4.561732
          ],
          [
            38.224748,
            -4.561757
          ],
          [
            38.22485,
            -4.561764
          ],
          [
            38.224943,
            -4.561776
          ],
          [
            38.225022,
            -4.561715
          ],
          [
            38.225105,
            -4.561675
          ],
          [
            38.225204,
            -4.56169
          ],
          [
            38.225295,
            -4.561682
          ],
          [
            38.225378,
            -4.56173
          ],
          [
            38.225475,
            -4.561719
          ],
          [
            38.225545,
            -4.561649
          ],
          [
            38.225628,
            -4.561602
          ],
          [
            38.225715,
            -4.561579
          ],
          [
            38.225801,
            -4.561532
          ],
          [
            38.225895,
            -4.561508
          ],
          [
            38.225994,
            -4.561512
          ],
          [
            38.226186,
            -4.561517
          ],
          [
            38.226277,
            -4.561516
          ],
          [
            38.226368,
            -4.561507
          ],
          [
            38.226463,
            -4.561485
          ],
          [
            38.226557,
            -4.561486
          ],
          [
            38.226655,
            -4.561478
          ],
          [
            38.226744,
            -4.561496
          ],
          [
            38.226833,
            -4.561477
          ],
          [
            38.226931,
            -4.561452
          ],
          [
            38.227114,
            -4.561422
          ],
          [
            38.227208,
            -4.561424
          ],
          [
            38.227385,
            -4.561383
          ],
          [
            38.227564,
            -4.561351
          ],
          [
            38.22765,
            -4.561307
          ],
          [
            38.227743,
            -4.56127
          ],
          [
            38.227924,
            -4.561276
          ],
          [
            38.228011,
            -4.561247
          ],
          [
            38.228102,
            -4.561245
          ],
          [
            38.228281,
            -4.561206
          ],
          [
            38.228374,
            -4.561198
          ],
          [
            38.228458,
            -4.56115
          ],
          [
            38.228546,
            -4.56112
          ],
          [
            38.228635,
            -4.561096
          ],
          [
            38.228727,
            -4.561107
          ],
          [
            38.228813,
            -4.561077
          ],
          [
            38.2289,
            -4.561038
          ],
          [
            38.228981,
            -4.56099
          ],
          [
            38.229127,
            -4.560883
          ],
          [
            38.229218,
            -4.560902
          ],
          [
            38.229304,
            -4.560872
          ],
          [
            38.229486,
            -4.560869
          ],
          [
            38.229662,
            -4.560917
          ],
          [
            38.229761,
            -4.560917
          ],
          [
            38.229855,
            -4.560889
          ],
          [
            38.230037,
            -4.560911
          ],
          [
            38.230167,
            -4.560938
          ],
          [
            38.230252,
            -4.560984
          ],
          [
            38.230345,
            -4.560946
          ],
          [
            38.230437,
            -4.560925
          ],
          [
            38.230619,
            -4.560915
          ],
          [
            38.230799,
            -4.560878
          ],
          [
            38.230886,
            -4.560915
          ],
          [
            38.230979,
            -4.560938
          ],
          [
            38.23107,
            -4.560927
          ],
          [
            38.231157,
            -4.56096
          ],
          [
            38.231251,
            -4.560982
          ],
          [
            38.231436,
            -4.560972
          ],
          [
            38.231521,
            -4.56094
          ],
          [
            38.231616,
            -4.560956
          ],
          [
            38.231797,
            -4.56096
          ],
          [
            38.231962,
            -4.561039
          ],
          [
            38.2321,
            -4.560923
          ],
          [
            38.232148,
            -4.561098
          ],
          [
            38.232239,
            -4.561101
          ],
          [
            38.232329,
            -4.561064
          ],
          [
            38.232422,
            -4.561044
          ],
          [
            38.232516,
            -4.561024
          ],
          [
            38.232604,
            -4.560991
          ],
          [
            38.232682,
            -4.560944
          ],
          [
            38.232769,
            -4.560911
          ],
          [
            38.232864,
            -4.560891
          ],
          [
            38.23295,
            -4.560856
          ],
          [
            38.23304,
            -4.560822
          ],
          [
            38.233131,
            -4.560787
          ],
          [
            38.23322,
            -4.560768
          ],
          [
            38.233307,
            -4.560738
          ],
          [
            38.233408,
            -4.560745
          ],
          [
            38.233503,
            -4.560754
          ],
          [
            38.233597,
            -4.560752
          ],
          [
            38.233693,
            -4.560729
          ],
          [
            38.233783,
            -4.560703
          ],
          [
            38.23387,
            -4.560679
          ],
          [
            38.233965,
            -4.560665
          ],
          [
            38.234061,
            -4.560675
          ],
          [
            38.234148,
            -4.560707
          ],
          [
            38.234239,
            -4.560729
          ],
          [
            38.234328,
            -4.560758
          ],
          [
            38.234401,
            -4.560813
          ],
          [
            38.234491,
            -4.560844
          ],
          [
            38.234667,
            -4.560904
          ],
          [
            38.234773,
            -4.560956
          ],
          [
            38.23486,
            -4.560923
          ],
          [
            38.234946,
            -4.560881
          ],
          [
            38.23503,
            -4.560834
          ],
          [
            38.235119,
            -4.560783
          ],
          [
            38.235211,
            -4.560777
          ],
          [
            38.235301,
            -4.560802
          ],
          [
            38.235395,
            -4.560823
          ],
          [
            38.235474,
            -4.560773
          ],
          [
            38.235537,
            -4.560699
          ],
          [
            38.235607,
            -4.560636
          ],
          [
            38.235691,
            -4.560599
          ],
          [
            38.235783,
            -4.560617
          ],
          [
            38.235862,
            -4.560683
          ],
          [
            38.236017,
            -4.560777
          ],
          [
            38.236151,
            -4.56086
          ],
          [
            38.236235,
            -4.5609
          ],
          [
            38.236322,
            -4.560933
          ],
          [
            38.236409,
            -4.56098
          ],
          [
            38.236567,
            -4.561073
          ],
          [
            38.236646,
            -4.561238
          ],
          [
            38.23667,
            -4.561422
          ],
          [
            38.236692,
            -4.561603
          ],
          [
            38.236646,
            -4.561698
          ],
          [
            38.236601,
            -4.561778
          ],
          [
            38.236441,
            -4.561871
          ],
          [
            38.236367,
            -4.561924
          ],
          [
            38.2363,
            -4.561991
          ],
          [
            38.23621,
            -4.562028
          ],
          [
            38.236117,
            -4.562045
          ],
          [
            38.23604,
            -4.562094
          ],
          [
            38.236067,
            -4.562183
          ],
          [
            38.23616,
            -4.56221
          ],
          [
            38.236248,
            -4.562231
          ],
          [
            38.236346,
            -4.562253
          ],
          [
            38.236432,
            -4.5623
          ],
          [
            38.236528,
            -4.562307
          ],
          [
            38.23662,
            -4.562324
          ],
          [
            38.236715,
            -4.56234
          ],
          [
            38.23681,
            -4.562342
          ],
          [
            38.236893,
            -4.562291
          ],
          [
            38.236982,
            -4.562263
          ],
          [
            38.237065,
            -4.562222
          ],
          [
            38.237155,
            -4.562183
          ],
          [
            38.237227,
            -4.562128
          ],
          [
            38.23731,
            -4.562081
          ],
          [
            38.237397,
            -4.562051
          ],
          [
            38.237479,
            -4.562
          ],
          [
            38.237554,
            -4.561948
          ],
          [
            38.237722,
            -4.56188
          ],
          [
            38.237831,
            -4.561814
          ],
          [
            38.237898,
            -4.561748
          ],
          [
            38.238008,
            -4.561603
          ],
          [
            38.238065,
            -4.56143
          ],
          [
            38.238104,
            -4.561348
          ],
          [
            38.238073,
            -4.561255
          ],
          [
            38.238064,
            -4.561164
          ],
          [
            38.238042,
            -4.561072
          ],
          [
            38.23803,
            -4.560979
          ],
          [
            38.238008,
            -4.560885
          ],
          [
            38.238029,
            -4.560793
          ],
          [
            38.238057,
            -4.560704
          ],
          [
            38.238122,
            -4.560636
          ],
          [
            38.238179,
            -4.560555
          ],
          [
            38.238258,
            -4.56051
          ],
          [
            38.23835,
            -4.56049
          ],
          [
            38.238418,
            -4.560429
          ],
          [
            38.238484,
            -4.560363
          ],
          [
            38.238502,
            -4.560271
          ],
          [
            38.238505,
            -4.56018
          ],
          [
            38.238523,
            -4.560086
          ],
          [
            38.238536,
            -4.559995
          ],
          [
            38.238614,
            -4.55995
          ],
          [
            38.238667,
            -4.559876
          ],
          [
            38.238667,
            -4.559785
          ],
          [
            38.238661,
            -4.55969
          ],
          [
            38.238677,
            -4.559599
          ],
          [
            38.238694,
            -4.559505
          ],
          [
            38.238738,
            -4.559425
          ],
          [
            38.238819,
            -4.55937
          ],
          [
            38.23891,
            -4.559338
          ],
          [
            38.238997,
            -4.559302
          ],
          [
            38.239093,
            -4.559309
          ],
          [
            38.239184,
            -4.559301
          ],
          [
            38.239274,
            -4.559273
          ],
          [
            38.239359,
            -4.559222
          ],
          [
            38.239451,
            -4.559204
          ],
          [
            38.239539,
            -4.559184
          ],
          [
            38.23963,
            -4.559193
          ],
          [
            38.239722,
            -4.559174
          ],
          [
            38.239814,
            -4.559197
          ],
          [
            38.239815,
            -4.559292
          ],
          [
            38.239821,
            -4.55951
          ],
          [
            38.239848,
            -4.559598
          ],
          [
            38.23984,
            -4.559689
          ],
          [
            38.239888,
            -4.559772
          ],
          [
            38.239945,
            -4.559844
          ],
          [
            38.239996,
            -4.559933
          ],
          [
            38.240054,
            -4.560014
          ],
          [
            38.240124,
            -4.560092
          ],
          [
            38.240198,
            -4.560154
          ],
          [
            38.24027,
            -4.560221
          ],
          [
            38.240349,
            -4.560272
          ],
          [
            38.240414,
            -4.560339
          ],
          [
            38.240477,
            -4.560406
          ],
          [
            38.240532,
            -4.56049
          ],
          [
            38.240603,
            -4.560553
          ],
          [
            38.24067,
            -4.560617
          ],
          [
            38.240743,
            -4.56067
          ],
          [
            38.240812,
            -4.560733
          ],
          [
            38.24091,
            -4.560761
          ],
          [
            38.241017,
            -4.560777
          ],
          [
            38.241107,
            -4.560815
          ],
          [
            38.241189,
            -4.56086
          ],
          [
            38.241283,
            -4.560868
          ],
          [
            38.241364,
            -4.560905
          ],
          [
            38.241449,
            -4.560938
          ],
          [
            38.241541,
            -4.560948
          ],
          [
            38.241619,
            -4.560999
          ],
          [
            38.241706,
            -4.561025
          ],
          [
            38.241789,
            -4.561065
          ],
          [
            38.241865,
            -4.561119
          ],
          [
            38.241949,
            -4.561168
          ],
          [
            38.242023,
            -4.561225
          ],
          [
            38.242102,
            -4.561275
          ],
          [
            38.242178,
            -4.56133
          ],
          [
            38.242262,
            -4.561383
          ],
          [
            38.242326,
            -4.561453
          ],
          [
            38.242392,
            -4.561525
          ],
          [
            38.242444,
            -4.561599
          ],
          [
            38.242479,
            -4.561683
          ],
          [
            38.242516,
            -4.561766
          ],
          [
            38.242527,
            -4.56186
          ],
          [
            38.242499,
            -4.561953
          ],
          [
            38.242447,
            -4.562028
          ],
          [
            38.242392,
            -4.5621
          ],
          [
            38.242333,
            -4.562175
          ],
          [
            38.242248,
            -4.562229
          ],
          [
            38.242173,
            -4.562289
          ],
          [
            38.242086,
            -4.562346
          ],
          [
            38.242009,
            -4.562406
          ],
          [
            38.241934,
            -4.562471
          ],
          [
            38.241848,
            -4.562509
          ],
          [
            38.241765,
            -4.562552
          ],
          [
            38.241684,
            -4.562596
          ],
          [
            38.2416,
            -4.562641
          ],
          [
            38.241474,
            -4.562721
          ],
          [
            38.241398,
            -4.562772
          ],
          [
            38.24132,
            -4.562829
          ],
          [
            38.241257,
            -4.562897
          ],
          [
            38.241194,
            -4.562963
          ],
          [
            38.241143,
            -4.563044
          ],
          [
            38.241127,
            -4.563137
          ],
          [
            38.241097,
            -4.563232
          ],
          [
            38.24104,
            -4.563305
          ],
          [
            38.241009,
            -4.563398
          ],
          [
            38.24097,
            -4.56349
          ],
          [
            38.240914,
            -4.563563
          ],
          [
            38.240887,
            -4.563657
          ],
          [
            38.240832,
            -4.563732
          ],
          [
            38.240735,
            -4.563741
          ],
          [
            38.240726,
            -4.56384
          ],
          [
            38.240654,
            -4.563902
          ],
          [
            38.240582,
            -4.563964
          ],
          [
            38.240502,
            -4.564013
          ],
          [
            38.240408,
            -4.564044
          ],
          [
            38.240471,
            -4.564121
          ],
          [
            38.240562,
            -4.564151
          ],
          [
            38.240655,
            -4.564186
          ],
          [
            38.240715,
            -4.564258
          ],
          [
            38.240758,
            -4.564342
          ],
          [
            38.240833,
            -4.564402
          ],
          [
            38.240898,
            -4.564469
          ],
          [
            38.240977,
            -4.564538
          ],
          [
            38.241042,
            -4.564608
          ],
          [
            38.241115,
            -4.564666
          ],
          [
            38.241201,
            -4.564704
          ],
          [
            38.241276,
            -4.564757
          ],
          [
            38.241351,
            -4.564823
          ],
          [
            38.241423,
            -4.564887
          ],
          [
            38.241505,
            -4.564939
          ],
          [
            38.241587,
            -4.564991
          ],
          [
            38.241669,
            -4.565034
          ],
          [
            38.24176,
            -4.565081
          ],
          [
            38.241831,
            -4.565157
          ],
          [
            38.241913,
            -4.565203
          ],
          [
            38.241993,
            -4.565251
          ],
          [
            38.242062,
            -4.565316
          ],
          [
            38.242153,
            -4.565358
          ],
          [
            38.242219,
            -4.565431
          ],
          [
            38.242291,
            -4.565491
          ],
          [
            38.242357,
            -4.565564
          ],
          [
            38.24241,
            -4.565639
          ],
          [
            38.242476,
            -4.565704
          ],
          [
            38.242499,
            -4.565799
          ],
          [
            38.242562,
            -4.565867
          ],
          [
            38.242616,
            -4.565941
          ],
          [
            38.24266,
            -4.566025
          ],
          [
            38.242691,
            -4.566111
          ],
          [
            38.242748,
            -4.566187
          ],
          [
            38.24275,
            -4.566287
          ],
          [
            38.242764,
            -4.566382
          ],
          [
            38.242805,
            -4.566476
          ],
          [
            38.242853,
            -4.566567
          ],
          [
            38.242882,
            -4.566665
          ],
          [
            38.242904,
            -4.566763
          ],
          [
            38.242943,
            -4.566851
          ],
          [
            38.242978,
            -4.566936
          ],
          [
            38.242991,
            -4.567032
          ],
          [
            38.24301,
            -4.567135
          ],
          [
            38.243035,
            -4.567223
          ],
          [
            38.243073,
            -4.567308
          ],
          [
            38.243109,
            -4.567404
          ],
          [
            38.243137,
            -4.567495
          ],
          [
            38.243157,
            -4.567594
          ],
          [
            38.243182,
            -4.567683
          ],
          [
            38.243208,
            -4.567776
          ],
          [
            38.243249,
            -4.56786
          ],
          [
            38.243302,
            -4.567947
          ],
          [
            38.243369,
            -4.56801
          ],
          [
            38.243424,
            -4.568096
          ],
          [
            38.243509,
            -4.568142
          ],
          [
            38.243599,
            -4.568169
          ],
          [
            38.243703,
            -4.568189
          ],
          [
            38.243792,
            -4.568214
          ],
          [
            38.243878,
            -4.568242
          ],
          [
            38.243975,
            -4.568265
          ],
          [
            38.244076,
            -4.568273
          ],
          [
            38.244178,
            -4.568275
          ],
          [
            38.244273,
            -4.568292
          ],
          [
            38.244372,
            -4.568295
          ],
          [
            38.244461,
            -4.568277
          ],
          [
            38.244559,
            -4.568253
          ],
          [
            38.244657,
            -4.568252
          ],
          [
            38.244749,
            -4.568275
          ],
          [
            38.244818,
            -4.568336
          ],
          [
            38.244906,
            -4.568377
          ],
          [
            38.244992,
            -4.568424
          ],
          [
            38.245083,
            -4.568452
          ],
          [
            38.245161,
            -4.56851
          ],
          [
            38.245239,
            -4.568561
          ],
          [
            38.245327,
            -4.568596
          ],
          [
            38.245409,
            -4.568635
          ],
          [
            38.245503,
            -4.568668
          ],
          [
            38.245606,
            -4.568686
          ],
          [
            38.245693,
            -4.568658
          ],
          [
            38.245786,
            -4.56866
          ],
          [
            38.245887,
            -4.568668
          ],
          [
            38.245979,
            -4.568658
          ],
          [
            38.246081,
            -4.56864
          ],
          [
            38.246186,
            -4.568662
          ],
          [
            38.246275,
            -4.568646
          ],
          [
            38.246369,
            -4.568654
          ],
          [
            38.246461,
            -4.568669
          ],
          [
            38.24655,
            -4.568662
          ],
          [
            38.246644,
            -4.5687
          ],
          [
            38.246735,
            -4.5687
          ],
          [
            38.246832,
            -4.568715
          ],
          [
            38.246933,
            -4.568729
          ],
          [
            38.247022,
            -4.568757
          ],
          [
            38.247122,
            -4.568784
          ],
          [
            38.247204,
            -4.568824
          ],
          [
            38.247297,
            -4.568861
          ],
          [
            38.247383,
            -4.568909
          ],
          [
            38.247452,
            -4.568971
          ],
          [
            38.247532,
            -4.569022
          ],
          [
            38.247606,
            -4.569081
          ],
          [
            38.247688,
            -4.569124
          ],
          [
            38.247769,
            -4.569184
          ],
          [
            38.247841,
            -4.569257
          ],
          [
            38.247918,
            -4.569338
          ],
          [
            38.247996,
            -4.569391
          ],
          [
            38.248073,
            -4.569448
          ],
          [
            38.248166,
            -4.569482
          ],
          [
            38.248248,
            -4.569527
          ],
          [
            38.248337,
            -4.569565
          ],
          [
            38.248425,
            -4.569585
          ],
          [
            38.248518,
            -4.569606
          ],
          [
            38.248616,
            -4.569623
          ],
          [
            38.248708,
            -4.569649
          ],
          [
            38.248787,
            -4.569706
          ],
          [
            38.24888,
            -4.569719
          ],
          [
            38.248976,
            -4.569724
          ],
          [
            38.249068,
            -4.569744
          ],
          [
            38.249167,
            -4.569759
          ],
          [
            38.249258,
            -4.569736
          ],
          [
            38.249349,
            -4.569744
          ],
          [
            38.249445,
            -4.569759
          ],
          [
            38.249538,
            -4.569777
          ],
          [
            38.24963,
            -4.569789
          ],
          [
            38.249723,
            -4.569815
          ],
          [
            38.249918,
            -4.569828
          ],
          [
            38.25009,
            -4.569907
          ],
          [
            38.250183,
            -4.569931
          ],
          [
            38.250268,
            -4.569969
          ],
          [
            38.250351,
            -4.570007
          ],
          [
            38.250441,
            -4.570027
          ],
          [
            38.250529,
            -4.570068
          ],
          [
            38.250618,
            -4.570089
          ],
          [
            38.250708,
            -4.570118
          ],
          [
            38.250808,
            -4.570121
          ],
          [
            38.250904,
            -4.570098
          ],
          [
            38.250996,
            -4.570056
          ],
          [
            38.250983,
            -4.569966
          ],
          [
            38.250953,
            -4.569779
          ],
          [
            38.251028,
            -4.569944
          ],
          [
            38.25089,
            -4.56998
          ],
          [
            38.250956,
            -4.569909
          ],
          [
            38.250963,
            -4.570004
          ],
          [
            38.25104,
            -4.569944
          ],
          [
            38.250983,
            -4.569859
          ],
          [
            38.252372,
            -4.570463
          ],
          [
            38.252195,
            -4.570673
          ],
          [
            38.252116,
            -4.570735
          ],
          [
            38.251869,
            -4.570868
          ],
          [
            38.251793,
            -4.570935
          ],
          [
            38.251455,
            -4.57105
          ],
          [
            38.250645,
            -4.571202
          ],
          [
            38.250554,
            -4.571214
          ],
          [
            38.250458,
            -4.571201
          ],
          [
            38.250363,
            -4.571196
          ],
          [
            38.250269,
            -4.571188
          ],
          [
            38.250173,
            -4.57122
          ],
          [
            38.249992,
            -4.571369
          ],
          [
            38.249938,
            -4.571603
          ],
          [
            38.250012,
            -4.572329
          ],
          [
            38.249994,
            -4.572342
          ],
          [
            38.24984,
            -4.572373
          ],
          [
            38.249946,
            -4.572216
          ],
          [
            38.249909,
            -4.57213
          ],
          [
            38.249925,
            -4.57204
          ],
          [
            38.249969,
            -4.571949
          ],
          [
            38.249986,
            -4.571856
          ]
        ]
      },
      "properties": {
        "type": "track",
        "day": 4,
        "title": "יום 4: ממומבו ויו פוינט אל מנזר רנגווי (Rangwi Convent)",
        "distance": "13.5 ק\"מ הליכה",
        "duration": "4–5 שעות הליכה",
        "elevation": "עלייה: 460 מטר, ירידה: 380 מטר",
        "description": "הליכה לאורך וואדיות וכפרים הרריים. פגישה עם מקומיים בדרכם לשווקים ולבתי הספר. חיפוש אחר זיקית האוסאמבארה בעלת שלוש הקרניים.",
        "link": "gpx/day4.gpx",
        "link_text": "📥 הורד קובץ GPX"
      }
    },
    {
      "type": "Feature",
      "geometry": {
        "type": "Point",
        "coordinates": [
          38.249986,
          -4.571856
        ]
      },
      "properties": {
        "type": "site",
        "day": 4,
        "title": "יום 4: לינה במנזר Rangwi Convent",
        "distance": "סיום מקטע הליכה",
        "duration": "הגעה לקראת ערב",
        "elevation": "גובה: 1,720 מטר",
        "description": "אירוח ולינה חווייתית במנזר רנגווי הצנוע וההיסטורי, המספק הצצה לחיי הנזירות המקומית והשקעות פיתוח חקלאיות באזור.",
        "link": "http://www.africanparaiso.com/accommodation/rangwi-convent-guesthouse/",
        "link_text": "⛪ פרטי אירוח ומדריך לינה במנזר רנגווי"
      }
    },
    {
      "type": "Feature",
      "geometry": {
        "type": "LineString",
        "coordinates": [
          [
            38.251102,
            -4.573351
          ],
          [
            38.251034,
            -4.57352
          ],
          [
            38.250973,
            -4.573681
          ],
          [
            38.250902,
            -4.573743
          ],
          [
            38.250874,
            -4.573832
          ],
          [
            38.250875,
            -4.573925
          ],
          [
            38.250825,
            -4.574012
          ],
          [
            38.250783,
            -4.574095
          ],
          [
            38.250752,
            -4.574187
          ],
          [
            38.250717,
            -4.574273
          ],
          [
            38.250681,
            -4.574357
          ],
          [
            38.250723,
            -4.574445
          ],
          [
            38.250697,
            -4.574532
          ],
          [
            38.250668,
            -4.574619
          ],
          [
            38.250682,
            -4.57471
          ],
          [
            38.250676,
            -4.574803
          ],
          [
            38.250701,
            -4.574898
          ],
          [
            38.250725,
            -4.574994
          ],
          [
            38.250715,
            -4.575091
          ],
          [
            38.250682,
            -4.575175
          ],
          [
            38.250658,
            -4.575267
          ],
          [
            38.250591,
            -4.575335
          ],
          [
            38.250533,
            -4.575411
          ],
          [
            38.250485,
            -4.575488
          ],
          [
            38.250399,
            -4.575552
          ],
          [
            38.25031,
            -4.575596
          ],
          [
            38.250271,
            -4.57568
          ],
          [
            38.250216,
            -4.575764
          ],
          [
            38.250157,
            -4.575836
          ],
          [
            38.250112,
            -4.575916
          ],
          [
            38.250145,
            -4.576001
          ],
          [
            38.250275,
            -4.576143
          ],
          [
            38.250327,
            -4.57622
          ],
          [
            38.25036,
            -4.576305
          ],
          [
            38.250398,
            -4.57639
          ],
          [
            38.250277,
            -4.576531
          ],
          [
            38.25019,
            -4.576699
          ],
          [
            38.250082,
            -4.576847
          ],
          [
            38.250019,
            -4.576956
          ],
          [
            38.250014,
            -4.57705
          ],
          [
            38.249997,
            -4.577139
          ],
          [
            38.249994,
            -4.577231
          ],
          [
            38.249976,
            -4.57732
          ],
          [
            38.249934,
            -4.577412
          ],
          [
            38.249913,
            -4.577506
          ],
          [
            38.249864,
            -4.577589
          ],
          [
            38.249807,
            -4.577659
          ],
          [
            38.249715,
            -4.577697
          ],
          [
            38.249564,
            -4.577801
          ],
          [
            38.249584,
            -4.577992
          ],
          [
            38.249616,
            -4.578086
          ],
          [
            38.249639,
            -4.578176
          ],
          [
            38.249685,
            -4.578257
          ],
          [
            38.249705,
            -4.578347
          ],
          [
            38.249713,
            -4.57844
          ],
          [
            38.249758,
            -4.578527
          ],
          [
            38.249784,
            -4.578618
          ],
          [
            38.249789,
            -4.578715
          ],
          [
            38.249819,
            -4.578811
          ],
          [
            38.249836,
            -4.57891
          ],
          [
            38.249841,
            -4.579002
          ],
          [
            38.249883,
            -4.579093
          ],
          [
            38.249888,
            -4.579187
          ],
          [
            38.249891,
            -4.579278
          ],
          [
            38.249888,
            -4.579376
          ],
          [
            38.24986,
            -4.579466
          ],
          [
            38.249848,
            -4.579561
          ],
          [
            38.249841,
            -4.579656
          ],
          [
            38.249835,
            -4.579748
          ],
          [
            38.249831,
            -4.579851
          ],
          [
            38.249823,
            -4.579948
          ],
          [
            38.249823,
            -4.58004
          ],
          [
            38.249836,
            -4.58013
          ],
          [
            38.249832,
            -4.580226
          ],
          [
            38.249871,
            -4.58031
          ],
          [
            38.249884,
            -4.580401
          ],
          [
            38.249887,
            -4.5805
          ],
          [
            38.24988,
            -4.580591
          ],
          [
            38.249863,
            -4.580691
          ],
          [
            38.249851,
            -4.580788
          ],
          [
            38.249851,
            -4.580879
          ],
          [
            38.249875,
            -4.580968
          ],
          [
            38.249856,
            -4.581059
          ],
          [
            38.24984,
            -4.581157
          ],
          [
            38.249831,
            -4.581252
          ],
          [
            38.249801,
            -4.581338
          ],
          [
            38.249782,
            -4.581431
          ],
          [
            38.249772,
            -4.581525
          ],
          [
            38.249784,
            -4.581619
          ],
          [
            38.249781,
            -4.581713
          ],
          [
            38.249765,
            -4.581808
          ],
          [
            38.249729,
            -4.581896
          ],
          [
            38.249711,
            -4.58199
          ],
          [
            38.249682,
            -4.582079
          ],
          [
            38.249658,
            -4.582173
          ],
          [
            38.249618,
            -4.582258
          ],
          [
            38.249599,
            -4.58235
          ],
          [
            38.249591,
            -4.58244
          ],
          [
            38.249575,
            -4.582535
          ],
          [
            38.24956,
            -4.582628
          ],
          [
            38.24953,
            -4.582717
          ],
          [
            38.249506,
            -4.582809
          ],
          [
            38.249458,
            -4.582893
          ],
          [
            38.249435,
            -4.582991
          ],
          [
            38.249463,
            -4.583089
          ],
          [
            38.249467,
            -4.58319
          ],
          [
            38.249461,
            -4.58328
          ],
          [
            38.249454,
            -4.583372
          ],
          [
            38.249424,
            -4.58346
          ],
          [
            38.249356,
            -4.583531
          ],
          [
            38.249318,
            -4.583616
          ],
          [
            38.249328,
            -4.583717
          ],
          [
            38.249339,
            -4.583819
          ],
          [
            38.249344,
            -4.583915
          ],
          [
            38.249349,
            -4.58401
          ],
          [
            38.249399,
            -4.584087
          ],
          [
            38.249443,
            -4.584167
          ],
          [
            38.249465,
            -4.584255
          ],
          [
            38.249478,
            -4.584344
          ],
          [
            38.24953,
            -4.584434
          ],
          [
            38.249583,
            -4.584513
          ],
          [
            38.249623,
            -4.584597
          ],
          [
            38.249638,
            -4.584695
          ],
          [
            38.249674,
            -4.584778
          ],
          [
            38.249707,
            -4.584863
          ],
          [
            38.249713,
            -4.584955
          ],
          [
            38.249744,
            -4.585047
          ],
          [
            38.24978,
            -4.585132
          ],
          [
            38.249792,
            -4.58523
          ],
          [
            38.249791,
            -4.585332
          ],
          [
            38.249835,
            -4.585419
          ],
          [
            38.24987,
            -4.585503
          ],
          [
            38.249871,
            -4.585594
          ],
          [
            38.249863,
            -4.585686
          ],
          [
            38.249862,
            -4.585777
          ],
          [
            38.249863,
            -4.585874
          ],
          [
            38.249868,
            -4.585971
          ],
          [
            38.249866,
            -4.586066
          ],
          [
            38.249878,
            -4.586156
          ],
          [
            38.24987,
            -4.586253
          ],
          [
            38.249848,
            -4.58635
          ],
          [
            38.249837,
            -4.586448
          ],
          [
            38.249828,
            -4.586541
          ],
          [
            38.249817,
            -4.586637
          ],
          [
            38.249809,
            -4.58673
          ],
          [
            38.249792,
            -4.586826
          ],
          [
            38.249795,
            -4.586919
          ],
          [
            38.249784,
            -4.587015
          ],
          [
            38.249746,
            -4.587106
          ],
          [
            38.249711,
            -4.587196
          ],
          [
            38.249664,
            -4.587276
          ],
          [
            38.24963,
            -4.587361
          ],
          [
            38.24958,
            -4.587438
          ],
          [
            38.249553,
            -4.58753
          ],
          [
            38.249521,
            -4.587617
          ],
          [
            38.249493,
            -4.587708
          ],
          [
            38.249457,
            -4.587796
          ],
          [
            38.249434,
            -4.587889
          ],
          [
            38.249419,
            -4.587984
          ],
          [
            38.249392,
            -4.588085
          ],
          [
            38.249371,
            -4.588173
          ],
          [
            38.249368,
            -4.588269
          ],
          [
            38.249363,
            -4.588366
          ],
          [
            38.249404,
            -4.588451
          ],
          [
            38.249455,
            -4.588527
          ],
          [
            38.249498,
            -4.588608
          ],
          [
            38.249525,
            -4.588694
          ],
          [
            38.24958,
            -4.58878
          ],
          [
            38.249603,
            -4.588875
          ],
          [
            38.249631,
            -4.588967
          ],
          [
            38.249651,
            -4.589064
          ],
          [
            38.24962,
            -4.589157
          ],
          [
            38.249618,
            -4.589248
          ],
          [
            38.249638,
            -4.589341
          ],
          [
            38.2496,
            -4.589437
          ],
          [
            38.24956,
            -4.589518
          ],
          [
            38.249514,
            -4.589607
          ],
          [
            38.249504,
            -4.589708
          ],
          [
            38.249546,
            -4.589797
          ],
          [
            38.249618,
            -4.58986
          ],
          [
            38.249702,
            -4.589896
          ],
          [
            38.249801,
            -4.589897
          ],
          [
            38.249891,
            -4.589866
          ],
          [
            38.249981,
            -4.589848
          ],
          [
            38.250072,
            -4.58983
          ],
          [
            38.250165,
            -4.589791
          ],
          [
            38.250267,
            -4.589785
          ],
          [
            38.25036,
            -4.589796
          ],
          [
            38.25045,
            -4.589819
          ],
          [
            38.250524,
            -4.589878
          ],
          [
            38.25058,
            -4.589953
          ],
          [
            38.250629,
            -4.59003
          ],
          [
            38.250692,
            -4.590097
          ],
          [
            38.250753,
            -4.590171
          ],
          [
            38.250818,
            -4.590237
          ],
          [
            38.250893,
            -4.590291
          ],
          [
            38.250956,
            -4.5904
          ],
          [
            38.251,
            -4.59049
          ],
          [
            38.251031,
            -4.590583
          ],
          [
            38.251069,
            -4.590679
          ],
          [
            38.251103,
            -4.590768
          ],
          [
            38.251124,
            -4.590864
          ],
          [
            38.251134,
            -4.59096
          ],
          [
            38.251146,
            -4.591059
          ],
          [
            38.251164,
            -4.591153
          ],
          [
            38.251166,
            -4.591243
          ],
          [
            38.251197,
            -4.591334
          ],
          [
            38.251231,
            -4.591426
          ],
          [
            38.251246,
            -4.591527
          ],
          [
            38.251254,
            -4.591621
          ],
          [
            38.251251,
            -4.591717
          ],
          [
            38.251309,
            -4.591793
          ],
          [
            38.251333,
            -4.591886
          ],
          [
            38.251393,
            -4.591958
          ],
          [
            38.251456,
            -4.59203
          ],
          [
            38.251515,
            -4.592109
          ],
          [
            38.251561,
            -4.592188
          ],
          [
            38.251569,
            -4.592283
          ],
          [
            38.251561,
            -4.592376
          ],
          [
            38.251553,
            -4.592468
          ],
          [
            38.251558,
            -4.592561
          ],
          [
            38.251574,
            -4.592657
          ],
          [
            38.2516,
            -4.592746
          ],
          [
            38.251653,
            -4.592823
          ],
          [
            38.251727,
            -4.592886
          ],
          [
            38.251794,
            -4.592954
          ],
          [
            38.251872,
            -4.593007
          ],
          [
            38.251943,
            -4.593065
          ],
          [
            38.25203,
            -4.593103
          ],
          [
            38.252111,
            -4.593153
          ],
          [
            38.252179,
            -4.593213
          ],
          [
            38.252238,
            -4.593288
          ],
          [
            38.252292,
            -4.593369
          ],
          [
            38.252351,
            -4.593442
          ],
          [
            38.252424,
            -4.593501
          ],
          [
            38.252486,
            -4.593575
          ],
          [
            38.252553,
            -4.593639
          ],
          [
            38.25262,
            -4.593701
          ],
          [
            38.252659,
            -4.593796
          ],
          [
            38.252693,
            -4.593888
          ],
          [
            38.252722,
            -4.593982
          ],
          [
            38.252765,
            -4.59407
          ],
          [
            38.252801,
            -4.594167
          ],
          [
            38.25284,
            -4.594256
          ],
          [
            38.252888,
            -4.594338
          ],
          [
            38.252941,
            -4.594427
          ],
          [
            38.253008,
            -4.594489
          ],
          [
            38.253074,
            -4.594568
          ],
          [
            38.253127,
            -4.59465
          ],
          [
            38.253186,
            -4.594728
          ],
          [
            38.253255,
            -4.594796
          ],
          [
            38.253322,
            -4.594865
          ],
          [
            38.253389,
            -4.594935
          ],
          [
            38.253458,
            -4.595012
          ],
          [
            38.253538,
            -4.595064
          ],
          [
            38.253599,
            -4.595138
          ],
          [
            38.253673,
            -4.595204
          ],
          [
            38.253745,
            -4.595261
          ],
          [
            38.253808,
            -4.595335
          ],
          [
            38.253854,
            -4.595418
          ],
          [
            38.253892,
            -4.595509
          ],
          [
            38.253947,
            -4.59559
          ],
          [
            38.253994,
            -4.595668
          ],
          [
            38.254019,
            -4.595763
          ],
          [
            38.254046,
            -4.595852
          ],
          [
            38.254079,
            -4.595944
          ],
          [
            38.254118,
            -4.596028
          ],
          [
            38.254152,
            -4.596117
          ],
          [
            38.254169,
            -4.59621
          ],
          [
            38.254192,
            -4.596301
          ],
          [
            38.254231,
            -4.596384
          ],
          [
            38.254291,
            -4.596455
          ],
          [
            38.254315,
            -4.596544
          ],
          [
            38.254364,
            -4.596628
          ],
          [
            38.254411,
            -4.59671
          ],
          [
            38.254478,
            -4.596775
          ],
          [
            38.254525,
            -4.596858
          ],
          [
            38.254537,
            -4.59695
          ],
          [
            38.25449,
            -4.597031
          ],
          [
            38.254499,
            -4.597127
          ],
          [
            38.254479,
            -4.597233
          ],
          [
            38.25449,
            -4.597436
          ],
          [
            38.254492,
            -4.597534
          ],
          [
            38.254498,
            -4.597629
          ],
          [
            38.254503,
            -4.597732
          ],
          [
            38.254511,
            -4.597823
          ],
          [
            38.254523,
            -4.597927
          ],
          [
            38.25453,
            -4.598017
          ],
          [
            38.254535,
            -4.598112
          ],
          [
            38.25455,
            -4.598204
          ],
          [
            38.254534,
            -4.598299
          ],
          [
            38.254539,
            -4.598399
          ],
          [
            38.254527,
            -4.5985
          ],
          [
            38.254513,
            -4.598595
          ],
          [
            38.254523,
            -4.598697
          ],
          [
            38.2545,
            -4.59879
          ],
          [
            38.254474,
            -4.598881
          ],
          [
            38.254487,
            -4.598975
          ],
          [
            38.254482,
            -4.59907
          ],
          [
            38.254475,
            -4.599161
          ],
          [
            38.254472,
            -4.599268
          ],
          [
            38.254448,
            -4.599357
          ],
          [
            38.254424,
            -4.59946
          ],
          [
            38.254412,
            -4.599556
          ],
          [
            38.254381,
            -4.599649
          ],
          [
            38.254357,
            -4.59974
          ],
          [
            38.254336,
            -4.599835
          ],
          [
            38.254301,
            -4.599923
          ],
          [
            38.25427,
            -4.600009
          ],
          [
            38.254255,
            -4.600102
          ],
          [
            38.254271,
            -4.600198
          ],
          [
            38.254285,
            -4.600296
          ],
          [
            38.254285,
            -4.600389
          ],
          [
            38.254281,
            -4.600491
          ],
          [
            38.254263,
            -4.600583
          ],
          [
            38.254297,
            -4.600676
          ],
          [
            38.254302,
            -4.600782
          ],
          [
            38.254283,
            -4.600881
          ],
          [
            38.25427,
            -4.600971
          ],
          [
            38.25424,
            -4.601058
          ],
          [
            38.254219,
            -4.601147
          ],
          [
            38.254204,
            -4.601242
          ],
          [
            38.254188,
            -4.601334
          ],
          [
            38.254171,
            -4.601424
          ],
          [
            38.254133,
            -4.601508
          ],
          [
            38.254114,
            -4.601603
          ],
          [
            38.254066,
            -4.601691
          ],
          [
            38.253991,
            -4.601748
          ],
          [
            38.253909,
            -4.6018
          ],
          [
            38.253826,
            -4.601837
          ],
          [
            38.253739,
            -4.601869
          ],
          [
            38.253658,
            -4.601922
          ],
          [
            38.253593,
            -4.601989
          ],
          [
            38.253511,
            -4.602031
          ],
          [
            38.253464,
            -4.602111
          ],
          [
            38.253409,
            -4.602191
          ],
          [
            38.25335,
            -4.602266
          ],
          [
            38.253291,
            -4.602342
          ],
          [
            38.253236,
            -4.60242
          ],
          [
            38.253158,
            -4.60248
          ],
          [
            38.253084,
            -4.602545
          ],
          [
            38.253036,
            -4.602624
          ],
          [
            38.253033,
            -4.602716
          ],
          [
            38.253068,
            -4.602803
          ],
          [
            38.253134,
            -4.602873
          ],
          [
            38.253218,
            -4.602907
          ],
          [
            38.253314,
            -4.602936
          ],
          [
            38.253403,
            -4.602962
          ],
          [
            38.253491,
            -4.603003
          ],
          [
            38.253589,
            -4.603031
          ],
          [
            38.253665,
            -4.60308
          ],
          [
            38.253739,
            -4.603135
          ],
          [
            38.253772,
            -4.603225
          ],
          [
            38.25381,
            -4.60331
          ],
          [
            38.253853,
            -4.603398
          ],
          [
            38.253881,
            -4.603501
          ],
          [
            38.253902,
            -4.603593
          ],
          [
            38.253906,
            -4.603693
          ],
          [
            38.253905,
            -4.60379
          ],
          [
            38.253896,
            -4.603891
          ],
          [
            38.253889,
            -4.603988
          ],
          [
            38.253885,
            -4.604082
          ],
          [
            38.253886,
            -4.604186
          ],
          [
            38.253865,
            -4.604282
          ],
          [
            38.253865,
            -4.604378
          ],
          [
            38.253858,
            -4.604474
          ],
          [
            38.25385,
            -4.604574
          ],
          [
            38.253821,
            -4.604669
          ],
          [
            38.253953,
            -4.604772
          ],
          [
            38.254042,
            -4.604757
          ],
          [
            38.254133,
            -4.604718
          ],
          [
            38.254222,
            -4.604761
          ],
          [
            38.254305,
            -4.604805
          ],
          [
            38.2544,
            -4.604824
          ],
          [
            38.25448,
            -4.604778
          ],
          [
            38.254627,
            -4.60467
          ],
          [
            38.254699,
            -4.604605
          ],
          [
            38.254781,
            -4.604563
          ],
          [
            38.25486,
            -4.604517
          ],
          [
            38.254956,
            -4.604493
          ],
          [
            38.255045,
            -4.604472
          ],
          [
            38.255218,
            -4.604397
          ],
          [
            38.255308,
            -4.604351
          ],
          [
            38.255382,
            -4.604295
          ],
          [
            38.255473,
            -4.604298
          ],
          [
            38.25556,
            -4.60434
          ],
          [
            38.255634,
            -4.604395
          ],
          [
            38.255694,
            -4.604468
          ],
          [
            38.255758,
            -4.604535
          ],
          [
            38.255805,
            -4.604623
          ],
          [
            38.255846,
            -4.604704
          ],
          [
            38.255856,
            -4.6048
          ],
          [
            38.255863,
            -4.604892
          ],
          [
            38.255906,
            -4.604973
          ],
          [
            38.255953,
            -4.605055
          ],
          [
            38.256001,
            -4.60514
          ],
          [
            38.256039,
            -4.605225
          ],
          [
            38.256074,
            -4.605309
          ],
          [
            38.256125,
            -4.605389
          ],
          [
            38.256181,
            -4.605466
          ],
          [
            38.25622,
            -4.605548
          ],
          [
            38.256237,
            -4.605641
          ],
          [
            38.256255,
            -4.605733
          ],
          [
            38.256263,
            -4.605825
          ],
          [
            38.256222,
            -4.606008
          ],
          [
            38.256205,
            -4.606098
          ],
          [
            38.256222,
            -4.606192
          ],
          [
            38.256236,
            -4.606282
          ],
          [
            38.256267,
            -4.606402
          ],
          [
            38.256279,
            -4.606493
          ],
          [
            38.256316,
            -4.606581
          ],
          [
            38.256379,
            -4.60675
          ],
          [
            38.256414,
            -4.606874
          ],
          [
            38.256465,
            -4.607023
          ],
          [
            38.256458,
            -4.607115
          ],
          [
            38.256468,
            -4.60721
          ],
          [
            38.256464,
            -4.607304
          ],
          [
            38.256475,
            -4.607401
          ],
          [
            38.256487,
            -4.607493
          ],
          [
            38.256489,
            -4.607586
          ],
          [
            38.2565,
            -4.607678
          ],
          [
            38.256531,
            -4.607769
          ],
          [
            38.256544,
            -4.608134
          ],
          [
            38.25656,
            -4.608483
          ],
          [
            38.25652,
            -4.608569
          ],
          [
            38.256531,
            -4.60867
          ],
          [
            38.256523,
            -4.608768
          ],
          [
            38.256497,
            -4.608863
          ],
          [
            38.256464,
            -4.608948
          ],
          [
            38.256437,
            -4.609036
          ],
          [
            38.256429,
            -4.609126
          ],
          [
            38.256416,
            -4.609217
          ],
          [
            38.256409,
            -4.609307
          ],
          [
            38.256383,
            -4.609398
          ],
          [
            38.256393,
            -4.609491
          ],
          [
            38.256397,
            -4.609583
          ],
          [
            38.256373,
            -4.609683
          ],
          [
            38.256377,
            -4.609782
          ],
          [
            38.256386,
            -4.609876
          ],
          [
            38.256386,
            -4.60997
          ],
          [
            38.256377,
            -4.610065
          ],
          [
            38.256378,
            -4.610157
          ],
          [
            38.256369,
            -4.610249
          ],
          [
            38.256354,
            -4.61034
          ],
          [
            38.256366,
            -4.610432
          ],
          [
            38.256344,
            -4.610535
          ],
          [
            38.256351,
            -4.610631
          ],
          [
            38.25635,
            -4.610727
          ],
          [
            38.256349,
            -4.610818
          ],
          [
            38.256346,
            -4.610911
          ],
          [
            38.256312,
            -4.610996
          ],
          [
            38.256277,
            -4.611082
          ],
          [
            38.25626,
            -4.611173
          ],
          [
            38.256248,
            -4.611267
          ],
          [
            38.256236,
            -4.611358
          ],
          [
            38.256228,
            -4.611449
          ],
          [
            38.256192,
            -4.611537
          ],
          [
            38.256167,
            -4.611631
          ],
          [
            38.256177,
            -4.611722
          ],
          [
            38.256166,
            -4.61182
          ],
          [
            38.256181,
            -4.611918
          ],
          [
            38.256214,
            -4.612003
          ],
          [
            38.256213,
            -4.612102
          ],
          [
            38.256251,
            -4.61219
          ],
          [
            38.256271,
            -4.612284
          ],
          [
            38.256304,
            -4.612374
          ],
          [
            38.25634,
            -4.612466
          ],
          [
            38.256365,
            -4.612557
          ],
          [
            38.256406,
            -4.61264
          ],
          [
            38.256458,
            -4.612723
          ],
          [
            38.256461,
            -4.612816
          ],
          [
            38.256469,
            -4.612907
          ],
          [
            38.256492,
            -4.613
          ],
          [
            38.256517,
            -4.613092
          ],
          [
            38.256539,
            -4.613185
          ],
          [
            38.256579,
            -4.613271
          ],
          [
            38.256601,
            -4.613361
          ],
          [
            38.256618,
            -4.613453
          ],
          [
            38.256652,
            -4.613538
          ],
          [
            38.256656,
            -4.613631
          ],
          [
            38.256673,
            -4.613818
          ],
          [
            38.25666,
            -4.613909
          ],
          [
            38.256674,
            -4.614
          ],
          [
            38.25668,
            -4.614094
          ],
          [
            38.256689,
            -4.614189
          ],
          [
            38.256691,
            -4.614285
          ],
          [
            38.256693,
            -4.614377
          ],
          [
            38.256708,
            -4.614471
          ],
          [
            38.25672,
            -4.614561
          ],
          [
            38.256743,
            -4.614655
          ],
          [
            38.256783,
            -4.614832
          ],
          [
            38.256804,
            -4.614924
          ],
          [
            38.256825,
            -4.615016
          ],
          [
            38.256858,
            -4.615105
          ],
          [
            38.256898,
            -4.615187
          ],
          [
            38.256967,
            -4.615256
          ],
          [
            38.25698,
            -4.615347
          ],
          [
            38.257011,
            -4.615433
          ],
          [
            38.257045,
            -4.615524
          ],
          [
            38.257075,
            -4.615614
          ],
          [
            38.257128,
            -4.61569
          ],
          [
            38.257175,
            -4.615775
          ],
          [
            38.257214,
            -4.615858
          ],
          [
            38.257277,
            -4.615922
          ],
          [
            38.257326,
            -4.616001
          ],
          [
            38.25737,
            -4.616088
          ],
          [
            38.257415,
            -4.616167
          ],
          [
            38.257466,
            -4.616245
          ],
          [
            38.257526,
            -4.616318
          ],
          [
            38.257558,
            -4.61641
          ],
          [
            38.257593,
            -4.6165
          ],
          [
            38.257623,
            -4.616587
          ],
          [
            38.257645,
            -4.61668
          ],
          [
            38.257659,
            -4.616775
          ],
          [
            38.257663,
            -4.616866
          ],
          [
            38.25767,
            -4.616959
          ],
          [
            38.257656,
            -4.617053
          ],
          [
            38.257667,
            -4.617146
          ],
          [
            38.257653,
            -4.617241
          ],
          [
            38.257668,
            -4.617333
          ],
          [
            38.257714,
            -4.617419
          ],
          [
            38.257777,
            -4.617491
          ],
          [
            38.257841,
            -4.61756
          ],
          [
            38.2579,
            -4.617632
          ],
          [
            38.257957,
            -4.61771
          ],
          [
            38.258017,
            -4.617783
          ],
          [
            38.25807,
            -4.617859
          ],
          [
            38.258121,
            -4.617942
          ],
          [
            38.258162,
            -4.618028
          ],
          [
            38.258198,
            -4.618113
          ],
          [
            38.258265,
            -4.618183
          ],
          [
            38.258328,
            -4.618252
          ],
          [
            38.258395,
            -4.618321
          ],
          [
            38.258467,
            -4.618383
          ],
          [
            38.258521,
            -4.618468
          ],
          [
            38.258576,
            -4.618546
          ],
          [
            38.258618,
            -4.618632
          ],
          [
            38.258657,
            -4.618722
          ],
          [
            38.25867,
            -4.618813
          ],
          [
            38.258705,
            -4.618897
          ],
          [
            38.258737,
            -4.618983
          ],
          [
            38.258787,
            -4.619062
          ],
          [
            38.258847,
            -4.619132
          ],
          [
            38.258923,
            -4.619186
          ],
          [
            38.258997,
            -4.619245
          ],
          [
            38.259068,
            -4.619308
          ],
          [
            38.259138,
            -4.619366
          ],
          [
            38.259205,
            -4.619428
          ],
          [
            38.259283,
            -4.619479
          ],
          [
            38.25935,
            -4.619545
          ],
          [
            38.259432,
            -4.619592
          ],
          [
            38.259508,
            -4.619644
          ],
          [
            38.259577,
            -4.619712
          ],
          [
            38.259593,
            -4.619803
          ],
          [
            38.259609,
            -4.619896
          ],
          [
            38.259641,
            -4.619981
          ],
          [
            38.259762,
            -4.620128
          ],
          [
            38.259829,
            -4.620191
          ],
          [
            38.259915,
            -4.620222
          ],
          [
            38.260104,
            -4.620525
          ],
          [
            38.260189,
            -4.620685
          ],
          [
            38.260301,
            -4.620832
          ],
          [
            38.260391,
            -4.620988
          ],
          [
            38.260474,
            -4.621158
          ],
          [
            38.260615,
            -4.621276
          ],
          [
            38.260703,
            -4.621435
          ],
          [
            38.260776,
            -4.621491
          ],
          [
            38.26082,
            -4.621573
          ],
          [
            38.26086,
            -4.621656
          ],
          [
            38.261164,
            -4.621599
          ],
          [
            38.261345,
            -4.621535
          ],
          [
            38.261435,
            -4.621559
          ],
          [
            38.261513,
            -4.621606
          ],
          [
            38.261604,
            -4.621634
          ],
          [
            38.261697,
            -4.621685
          ],
          [
            38.261756,
            -4.621755
          ],
          [
            38.261797,
            -4.621835
          ],
          [
            38.261864,
            -4.621903
          ],
          [
            38.261956,
            -4.621926
          ],
          [
            38.262044,
            -4.62195
          ],
          [
            38.262126,
            -4.622007
          ],
          [
            38.262216,
            -4.622041
          ],
          [
            38.262303,
            -4.622073
          ],
          [
            38.262393,
            -4.622105
          ],
          [
            38.262489,
            -4.622126
          ],
          [
            38.262577,
            -4.622155
          ],
          [
            38.262672,
            -4.622176
          ],
          [
            38.26278,
            -4.622328
          ],
          [
            38.262843,
            -4.6224
          ],
          [
            38.262921,
            -4.622461
          ],
          [
            38.263216,
            -4.622675
          ],
          [
            38.263309,
            -4.622672
          ],
          [
            38.263396,
            -4.622639
          ],
          [
            38.263576,
            -4.62261
          ],
          [
            38.263717,
            -4.622565
          ],
          [
            38.263781,
            -4.622496
          ],
          [
            38.263865,
            -4.622461
          ],
          [
            38.264044,
            -4.622418
          ],
          [
            38.264104,
            -4.622589
          ],
          [
            38.264069,
            -4.622708
          ],
          [
            38.264067,
            -4.622802
          ],
          [
            38.264072,
            -4.622895
          ],
          [
            38.264073,
            -4.622988
          ],
          [
            38.264046,
            -4.623077
          ],
          [
            38.264037,
            -4.623177
          ],
          [
            38.263986,
            -4.623255
          ],
          [
            38.263926,
            -4.623326
          ],
          [
            38.263857,
            -4.623395
          ],
          [
            38.263849,
            -4.623504
          ],
          [
            38.26377,
            -4.623559
          ],
          [
            38.263723,
            -4.623639
          ],
          [
            38.263713,
            -4.623729
          ],
          [
            38.263713,
            -4.623824
          ],
          [
            38.263703,
            -4.623925
          ],
          [
            38.263727,
            -4.624017
          ],
          [
            38.263776,
            -4.624099
          ],
          [
            38.263827,
            -4.624179
          ],
          [
            38.263843,
            -4.62427
          ],
          [
            38.263832,
            -4.62436
          ],
          [
            38.263839,
            -4.624452
          ],
          [
            38.263868,
            -4.624541
          ],
          [
            38.263892,
            -4.624629
          ],
          [
            38.263919,
            -4.62472
          ],
          [
            38.263962,
            -4.624803
          ],
          [
            38.264006,
            -4.624887
          ],
          [
            38.264067,
            -4.62496
          ],
          [
            38.264108,
            -4.625042
          ],
          [
            38.264154,
            -4.625127
          ],
          [
            38.264202,
            -4.625211
          ],
          [
            38.264265,
            -4.625279
          ],
          [
            38.264299,
            -4.62537
          ],
          [
            38.264378,
            -4.625412
          ],
          [
            38.264435,
            -4.62549
          ],
          [
            38.264516,
            -4.625543
          ],
          [
            38.264595,
            -4.625587
          ],
          [
            38.264634,
            -4.625672
          ],
          [
            38.2646,
            -4.625766
          ],
          [
            38.264614,
            -4.625861
          ],
          [
            38.264667,
            -4.625946
          ],
          [
            38.264744,
            -4.625998
          ],
          [
            38.264793,
            -4.626078
          ],
          [
            38.264895,
            -4.626228
          ],
          [
            38.264905,
            -4.62632
          ],
          [
            38.264869,
            -4.626412
          ],
          [
            38.264847,
            -4.626507
          ],
          [
            38.264828,
            -4.626694
          ],
          [
            38.264894,
            -4.626761
          ],
          [
            38.265003,
            -4.62691
          ],
          [
            38.265058,
            -4.627017
          ],
          [
            38.265067,
            -4.62711
          ],
          [
            38.26506,
            -4.627201
          ],
          [
            38.265011,
            -4.627376
          ],
          [
            38.265038,
            -4.627558
          ],
          [
            38.26505,
            -4.627743
          ],
          [
            38.265005,
            -4.627923
          ],
          [
            38.264831,
            -4.627987
          ],
          [
            38.264683,
            -4.628096
          ],
          [
            38.264543,
            -4.628213
          ],
          [
            38.264681,
            -4.628341
          ],
          [
            38.264854,
            -4.628413
          ],
          [
            38.264944,
            -4.628569
          ],
          [
            38.265009,
            -4.628646
          ],
          [
            38.265083,
            -4.628709
          ],
          [
            38.265197,
            -4.628812
          ],
          [
            38.265275,
            -4.62886
          ],
          [
            38.26533,
            -4.628932
          ],
          [
            38.265392,
            -4.629003
          ],
          [
            38.265443,
            -4.629079
          ],
          [
            38.265477,
            -4.629164
          ],
          [
            38.265562,
            -4.629298
          ],
          [
            38.265609,
            -4.629376
          ],
          [
            38.265712,
            -4.62953
          ],
          [
            38.265817,
            -4.629681
          ],
          [
            38.265916,
            -4.629833
          ],
          [
            38.266025,
            -4.629978
          ],
          [
            38.26619,
            -4.630053
          ],
          [
            38.266355,
            -4.630131
          ],
          [
            38.266536,
            -4.630092
          ],
          [
            38.266707,
            -4.630036
          ],
          [
            38.266863,
            -4.629933
          ],
          [
            38.267044,
            -4.629927
          ],
          [
            38.267142,
            -4.629918
          ],
          [
            38.267228,
            -4.629892
          ],
          [
            38.267325,
            -4.629893
          ],
          [
            38.26743,
            -4.629889
          ],
          [
            38.267513,
            -4.629929
          ],
          [
            38.267608,
            -4.62995
          ],
          [
            38.267708,
            -4.629933
          ],
          [
            38.26781,
            -4.629935
          ],
          [
            38.267903,
            -4.629935
          ],
          [
            38.267997,
            -4.629914
          ],
          [
            38.26809,
            -4.629905
          ],
          [
            38.268181,
            -4.629917
          ],
          [
            38.268275,
            -4.629942
          ],
          [
            38.268365,
            -4.629969
          ],
          [
            38.268447,
            -4.630025
          ],
          [
            38.268522,
            -4.630084
          ],
          [
            38.26862,
            -4.63011
          ],
          [
            38.268707,
            -4.630138
          ],
          [
            38.268802,
            -4.630129
          ],
          [
            38.268889,
            -4.630102
          ],
          [
            38.268983,
            -4.630098
          ],
          [
            38.269045,
            -4.630168
          ],
          [
            38.269021,
            -4.630262
          ],
          [
            38.268996,
            -4.630357
          ],
          [
            38.269017,
            -4.630451
          ],
          [
            38.269014,
            -4.630546
          ],
          [
            38.269035,
            -4.630635
          ],
          [
            38.269057,
            -4.630728
          ],
          [
            38.269072,
            -4.63082
          ],
          [
            38.269121,
            -4.630903
          ],
          [
            38.269153,
            -4.63099
          ],
          [
            38.269175,
            -4.631171
          ],
          [
            38.2692,
            -4.631329
          ],
          [
            38.26922,
            -4.631423
          ],
          [
            38.269231,
            -4.631514
          ],
          [
            38.269249,
            -4.631604
          ],
          [
            38.269224,
            -4.631784
          ],
          [
            38.269212,
            -4.631966
          ],
          [
            38.269196,
            -4.632056
          ],
          [
            38.269212,
            -4.632241
          ],
          [
            38.269271,
            -4.632363
          ],
          [
            38.269389,
            -4.632614
          ],
          [
            38.269416,
            -4.632705
          ],
          [
            38.269503,
            -4.632871
          ],
          [
            38.269577,
            -4.63305
          ],
          [
            38.269632,
            -4.633233
          ],
          [
            38.269726,
            -4.633399
          ],
          [
            38.269845,
            -4.633536
          ],
          [
            38.269965,
            -4.63363
          ],
          [
            38.270108,
            -4.633757
          ],
          [
            38.270246,
            -4.633873
          ],
          [
            38.270415,
            -4.633959
          ],
          [
            38.270582,
            -4.634035
          ],
          [
            38.27065,
            -4.634103
          ],
          [
            38.270735,
            -4.634147
          ],
          [
            38.270894,
            -4.634234
          ],
          [
            38.270952,
            -4.634336
          ],
          [
            38.270956,
            -4.634429
          ],
          [
            38.271031,
            -4.634486
          ],
          [
            38.27111,
            -4.634537
          ],
          [
            38.271256,
            -4.634654
          ],
          [
            38.271409,
            -4.634757
          ],
          [
            38.27159,
            -4.634809
          ],
          [
            38.271712,
            -4.634951
          ],
          [
            38.271857,
            -4.635072
          ],
          [
            38.271976,
            -4.635219
          ],
          [
            38.272069,
            -4.635383
          ],
          [
            38.272178,
            -4.635529
          ],
          [
            38.272296,
            -4.635675
          ],
          [
            38.272436,
            -4.635798
          ],
          [
            38.272588,
            -4.635908
          ],
          [
            38.272752,
            -4.635984
          ],
          [
            38.272843,
            -4.636031
          ],
          [
            38.272923,
            -4.636078
          ],
          [
            38.273002,
            -4.636128
          ],
          [
            38.273083,
            -4.636167
          ],
          [
            38.273233,
            -4.636272
          ],
          [
            38.273386,
            -4.63638
          ],
          [
            38.273489,
            -4.636536
          ],
          [
            38.273603,
            -4.636679
          ],
          [
            38.273676,
            -4.636742
          ],
          [
            38.273721,
            -4.636823
          ],
          [
            38.273794,
            -4.636883
          ],
          [
            38.273873,
            -4.636933
          ],
          [
            38.273936,
            -4.637003
          ],
          [
            38.274011,
            -4.637062
          ],
          [
            38.274154,
            -4.637197
          ],
          [
            38.274227,
            -4.63726
          ],
          [
            38.274303,
            -4.637317
          ],
          [
            38.274385,
            -4.637373
          ],
          [
            38.27446,
            -4.637439
          ],
          [
            38.274542,
            -4.637492
          ],
          [
            38.274609,
            -4.637567
          ],
          [
            38.274675,
            -4.637647
          ],
          [
            38.274732,
            -4.637725
          ],
          [
            38.274751,
            -4.637818
          ],
          [
            38.274801,
            -4.637901
          ],
          [
            38.274824,
            -4.638
          ],
          [
            38.274852,
            -4.638088
          ],
          [
            38.274912,
            -4.63827
          ],
          [
            38.274983,
            -4.638335
          ],
          [
            38.275044,
            -4.638403
          ],
          [
            38.275108,
            -4.638572
          ],
          [
            38.275234,
            -4.638705
          ],
          [
            38.275304,
            -4.638767
          ],
          [
            38.275367,
            -4.638847
          ],
          [
            38.275536,
            -4.638938
          ],
          [
            38.275593,
            -4.63901
          ],
          [
            38.275681,
            -4.639061
          ],
          [
            38.27577,
            -4.639082
          ],
          [
            38.275925,
            -4.639178
          ],
          [
            38.275997,
            -4.639235
          ],
          [
            38.276072,
            -4.63929
          ],
          [
            38.276145,
            -4.639354
          ],
          [
            38.276251,
            -4.639492
          ],
          [
            38.276303,
            -4.639571
          ],
          [
            38.276339,
            -4.639655
          ],
          [
            38.276394,
            -4.639727
          ],
          [
            38.276419,
            -4.639816
          ],
          [
            38.276472,
            -4.639894
          ],
          [
            38.276523,
            -4.639976
          ],
          [
            38.276556,
            -4.640066
          ],
          [
            38.276601,
            -4.640148
          ],
          [
            38.276645,
            -4.640235
          ],
          [
            38.276684,
            -4.640328
          ],
          [
            38.276715,
            -4.640421
          ],
          [
            38.276735,
            -4.640513
          ],
          [
            38.276775,
            -4.640596
          ],
          [
            38.276804,
            -4.640682
          ],
          [
            38.276846,
            -4.640763
          ],
          [
            38.276879,
            -4.640849
          ],
          [
            38.276928,
            -4.640931
          ],
          [
            38.276972,
            -4.641015
          ],
          [
            38.277019,
            -4.641099
          ],
          [
            38.277057,
            -4.641181
          ],
          [
            38.277117,
            -4.641263
          ],
          [
            38.277175,
            -4.64134
          ],
          [
            38.277252,
            -4.641424
          ],
          [
            38.27729,
            -4.641514
          ],
          [
            38.277331,
            -4.641604
          ],
          [
            38.277361,
            -4.641691
          ],
          [
            38.27738,
            -4.64178
          ],
          [
            38.277403,
            -4.641872
          ],
          [
            38.277443,
            -4.641954
          ],
          [
            38.277448,
            -4.642047
          ],
          [
            38.27747,
            -4.64214
          ],
          [
            38.277504,
            -4.642224
          ],
          [
            38.27753,
            -4.642314
          ],
          [
            38.277545,
            -4.642404
          ],
          [
            38.277551,
            -4.642496
          ],
          [
            38.277604,
            -4.642571
          ],
          [
            38.277663,
            -4.642646
          ],
          [
            38.27771,
            -4.642728
          ],
          [
            38.27772,
            -4.642824
          ],
          [
            38.277785,
            -4.643002
          ],
          [
            38.277858,
            -4.643062
          ],
          [
            38.277935,
            -4.64312
          ],
          [
            38.278014,
            -4.643175
          ],
          [
            38.278069,
            -4.64325
          ],
          [
            38.278127,
            -4.643324
          ],
          [
            38.27819,
            -4.643391
          ],
          [
            38.278261,
            -4.643455
          ],
          [
            38.27832,
            -4.643525
          ],
          [
            38.278369,
            -4.643603
          ],
          [
            38.27843,
            -4.643669
          ],
          [
            38.278508,
            -4.643723
          ],
          [
            38.278588,
            -4.643763
          ],
          [
            38.278734,
            -4.643877
          ],
          [
            38.2788,
            -4.643947
          ],
          [
            38.278872,
            -4.644015
          ],
          [
            38.278943,
            -4.644081
          ],
          [
            38.279033,
            -4.644131
          ],
          [
            38.279111,
            -4.644189
          ],
          [
            38.279158,
            -4.644268
          ],
          [
            38.279206,
            -4.644449
          ],
          [
            38.279224,
            -4.644541
          ],
          [
            38.279268,
            -4.644628
          ],
          [
            38.279342,
            -4.644692
          ],
          [
            38.279377,
            -4.644778
          ],
          [
            38.279375,
            -4.644872
          ],
          [
            38.279409,
            -4.644959
          ],
          [
            38.279449,
            -4.645041
          ],
          [
            38.279487,
            -4.645131
          ],
          [
            38.279544,
            -4.645213
          ],
          [
            38.279601,
            -4.645292
          ],
          [
            38.279644,
            -4.645376
          ],
          [
            38.279693,
            -4.645458
          ],
          [
            38.279752,
            -4.645532
          ],
          [
            38.27974,
            -4.645702
          ],
          [
            38.279672,
            -4.645918
          ],
          [
            38.279817,
            -4.646036
          ],
          [
            38.279829,
            -4.64622
          ],
          [
            38.279818,
            -4.646401
          ],
          [
            38.279749,
            -4.64657
          ],
          [
            38.279658,
            -4.646726
          ],
          [
            38.279601,
            -4.646802
          ],
          [
            38.27954,
            -4.646876
          ],
          [
            38.279504,
            -4.646961
          ],
          [
            38.279493,
            -4.647052
          ],
          [
            38.279488,
            -4.647144
          ],
          [
            38.27943,
            -4.64722
          ],
          [
            38.279369,
            -4.647292
          ],
          [
            38.279289,
            -4.647342
          ],
          [
            38.279236,
            -4.647424
          ],
          [
            38.279127,
            -4.647571
          ],
          [
            38.27904,
            -4.647732
          ],
          [
            38.278998,
            -4.647813
          ],
          [
            38.278947,
            -4.6479
          ],
          [
            38.278922,
            -4.647989
          ],
          [
            38.278927,
            -4.648091
          ],
          [
            38.278945,
            -4.648182
          ],
          [
            38.27896,
            -4.648274
          ],
          [
            38.278778,
            -4.648307
          ],
          [
            38.278687,
            -4.648278
          ],
          [
            38.278595,
            -4.648257
          ],
          [
            38.278501,
            -4.648234
          ],
          [
            38.27841,
            -4.648224
          ],
          [
            38.278318,
            -4.648234
          ],
          [
            38.278329,
            -4.648333
          ],
          [
            38.278308,
            -4.648428
          ],
          [
            38.278316,
            -4.648522
          ],
          [
            38.27836,
            -4.648602
          ],
          [
            38.278351,
            -4.648694
          ],
          [
            38.278353,
            -4.648786
          ],
          [
            38.278337,
            -4.648876
          ],
          [
            38.278355,
            -4.648965
          ],
          [
            38.27832,
            -4.649056
          ],
          [
            38.27827,
            -4.649133
          ],
          [
            38.278194,
            -4.649184
          ],
          [
            38.278281,
            -4.649228
          ],
          [
            38.278368,
            -4.649391
          ],
          [
            38.278455,
            -4.649425
          ],
          [
            38.278528,
            -4.649484
          ],
          [
            38.278584,
            -4.649554
          ],
          [
            38.27858,
            -4.649654
          ],
          [
            38.278569,
            -4.649745
          ],
          [
            38.278612,
            -4.649837
          ],
          [
            38.278683,
            -4.649896
          ],
          [
            38.278732,
            -4.649995
          ],
          [
            38.278796,
            -4.650067
          ],
          [
            38.278882,
            -4.650097
          ],
          [
            38.278957,
            -4.650156
          ],
          [
            38.279019,
            -4.650224
          ],
          [
            38.279079,
            -4.650299
          ],
          [
            38.279133,
            -4.650371
          ],
          [
            38.279182,
            -4.650455
          ],
          [
            38.279267,
            -4.650488
          ],
          [
            38.279346,
            -4.650537
          ],
          [
            38.279428,
            -4.650576
          ],
          [
            38.279507,
            -4.650631
          ],
          [
            38.279605,
            -4.650663
          ],
          [
            38.279697,
            -4.650678
          ],
          [
            38.279788,
            -4.650695
          ],
          [
            38.279876,
            -4.650732
          ],
          [
            38.279972,
            -4.650751
          ],
          [
            38.280069,
            -4.650761
          ],
          [
            38.28016,
            -4.650784
          ],
          [
            38.28025,
            -4.650826
          ],
          [
            38.280317,
            -4.650887
          ],
          [
            38.28037,
            -4.651064
          ],
          [
            38.280494,
            -4.651197
          ],
          [
            38.280613,
            -4.651337
          ],
          [
            38.280676,
            -4.651406
          ],
          [
            38.280588,
            -4.651424
          ],
          [
            38.280498,
            -4.651398
          ],
          [
            38.280409,
            -4.651369
          ],
          [
            38.28023,
            -4.651402
          ],
          [
            38.28015,
            -4.651453
          ],
          [
            38.280066,
            -4.651495
          ],
          [
            38.279952,
            -4.651872
          ],
          [
            38.279821,
            -4.652037
          ],
          [
            38.280215,
            -4.65136
          ],
          [
            38.280189,
            -4.651552
          ],
          [
            38.279886,
            -4.65186
          ]
        ]
      },
      "properties": {
        "type": "track",
        "day": 5,
        "title": "יום 5: צעידה בין חלקות חקלאיות ומסעדה כפרית",
        "distance": "12 ק\"מ הליכה",
        "duration": "4 שעות הליכה",
        "elevation": "עלייה: 400 מטר, ירידה: 300 מטר",
        "description": "הליכה בין טרסות חקלאיות מסורתיות בהרים. עצירה לארוחת צהריים אותנטית במסעדה כפרית מקומית ושיחות עם חקלאי האזור.",
        "link": "gpx/day5.gpx",
        "link_text": "📥 הורד קובץ GPX"
      }
    },
    {
      "type": "Feature",
      "geometry": {
        "type": "Point",
        "coordinates": [
          38.279886,
          -4.65186
        ]
      },
      "properties": {
        "type": "site",
        "day": 5,
        "title": "יום 5: לינה באזור כפרי באוסאמבארה (Lushoto Highlands)",
        "distance": "הגעה בסוף מקטע ההליכה",
        "duration": "אחר הצהריים",
        "elevation": "גובה: 1,650 מטר",
        "description": "הגעה למקום הלינה כפרי בסיום הצעידה. מנוחה, ארוחת ערב חמה ממוצרים מקומיים שנשלו מהשדות הסמוכים והתארגנות ליום המחרת.",
        "link": "https://www.casai.com/property/latitude-lukozi-hotel/BC-13246621",
        "link_text": "🏡 פרטי לינה ובקתות הרים באזור לושוטו"
      }
    },
    {
      "type": "Feature",
      "geometry": {
        "type": "LineString",
        "coordinates": [
          [
            38.279886,
            -4.65186
          ],
          [
            38.334581,
            -4.760427
          ],
          [
            38.33467,
            -4.760372
          ],
          [
            38.334743,
            -4.760319
          ],
          [
            38.334859,
            -4.76022
          ],
          [
            38.334967,
            -4.76014
          ],
          [
            38.335129,
            -4.760041
          ],
          [
            38.335263,
            -4.759961
          ],
          [
            38.335452,
            -4.759862
          ],
          [
            38.335668,
            -4.759755
          ],
          [
            38.33591,
            -4.759603
          ],
          [
            38.336162,
            -4.75945
          ],
          [
            38.336548,
            -4.759146
          ],
          [
            38.336791,
            -4.758967
          ],
          [
            38.33697,
            -4.758842
          ],
          [
            38.33697,
            -4.758779
          ],
          [
            38.336934,
            -4.758681
          ],
          [
            38.336898,
            -4.758627
          ],
          [
            38.3368,
            -4.758538
          ],
          [
            38.336691,
            -4.758475
          ],
          [
            38.336628,
            -4.758394
          ],
          [
            38.336565,
            -4.758314
          ],
          [
            38.337078,
            -4.758448
          ],
          [
            38.337374,
            -4.75852
          ],
          [
            38.337536,
            -4.758645
          ],
          [
            38.337743,
            -4.758869
          ],
          [
            38.337842,
            -4.758976
          ],
          [
            38.337986,
            -4.759111
          ],
          [
            38.33812,
            -4.759254
          ],
          [
            38.33821,
            -4.759361
          ],
          [
            38.338246,
            -4.759406
          ],
          [
            38.338299,
            -4.759469
          ],
          [
            38.338326,
            -4.759487
          ],
          [
            38.338345,
            -4.759495
          ],
          [
            38.338353,
            -4.759495
          ],
          [
            38.338381,
            -4.759487
          ],
          [
            38.338425,
            -4.75946
          ],
          [
            38.338498,
            -4.759397
          ],
          [
            38.338533,
            -4.759361
          ],
          [
            38.33856,
            -4.759325
          ],
          [
            38.338596,
            -4.759254
          ],
          [
            38.338632,
            -4.759164
          ],
          [
            38.338659,
            -4.759119
          ],
          [
            38.338695,
            -4.759075
          ],
          [
            38.338758,
            -4.759012
          ],
          [
            38.338812,
            -4.758958
          ],
          [
            38.338857,
            -4.758931
          ],
          [
            38.338911,
            -4.758887
          ],
          [
            38.338947,
            -4.758824
          ],
          [
            38.338974,
            -4.758788
          ],
          [
            38.338991,
            -4.758744
          ],
          [
            38.339001,
            -4.758672
          ],
          [
            38.339009,
            -4.758645
          ],
          [
            38.339028,
            -4.7586
          ],
          [
            38.339064,
            -4.758528
          ],
          [
            38.339108,
            -4.758439
          ],
          [
            38.339154,
            -4.758332
          ],
          [
            38.339189,
            -4.758269
          ],
          [
            38.339244,
            -4.75818
          ],
          [
            38.339305,
            -4.758125
          ],
          [
            38.339368,
            -4.758081
          ],
          [
            38.339467,
            -4.758018
          ],
          [
            38.339548,
            -4.757973
          ],
          [
            38.339647,
            -4.75792
          ],
          [
            38.339728,
            -4.757857
          ],
          [
            38.339791,
            -4.757804
          ],
          [
            38.339854,
            -4.75775
          ],
          [
            38.339899,
            -4.757714
          ],
          [
            38.339989,
            -4.75766
          ],
          [
            38.34006,
            -4.757615
          ],
          [
            38.340249,
            -4.757508
          ],
          [
            38.340375,
            -4.757454
          ],
          [
            38.340465,
            -4.757409
          ],
          [
            38.340527,
            -4.757382
          ],
          [
            38.340626,
            -4.757311
          ],
          [
            38.340752,
            -4.757213
          ],
          [
            38.340923,
            -4.757061
          ],
          [
            38.340976,
            -4.757034
          ],
          [
            38.341031,
            -4.757007
          ],
          [
            38.341148,
            -4.75698
          ],
          [
            38.341238,
            -4.756953
          ],
          [
            38.341372,
            -4.756908
          ],
          [
            38.341479,
            -4.756872
          ],
          [
            38.341588,
            -4.756837
          ],
          [
            38.341704,
            -4.756783
          ],
          [
            38.341821,
            -4.756711
          ],
          [
            38.341884,
            -4.756666
          ],
          [
            38.341955,
            -4.756595
          ],
          [
            38.342001,
            -4.756532
          ],
          [
            38.342018,
            -4.756524
          ],
          [
            38.342045,
            -4.756487
          ],
          [
            38.3421,
            -4.756452
          ],
          [
            38.342144,
            -4.756425
          ],
          [
            38.342225,
            -4.756389
          ],
          [
            38.34227,
            -4.75638
          ],
          [
            38.342423,
            -4.756326
          ],
          [
            38.342567,
            -4.756255
          ],
          [
            38.34263,
            -4.756192
          ],
          [
            38.342693,
            -4.756067
          ],
          [
            38.34272,
            -4.755995
          ],
          [
            38.342737,
            -4.755888
          ],
          [
            38.342773,
            -4.75561
          ],
          [
            38.342836,
            -4.755234
          ],
          [
            38.34289,
            -4.755225
          ],
          [
            38.343016,
            -4.755189
          ],
          [
            38.343276,
            -4.754894
          ],
          [
            38.343573,
            -4.754661
          ],
          [
            38.343896,
            -4.754473
          ],
          [
            38.344058,
            -4.754419
          ],
          [
            38.344291,
            -4.754366
          ],
          [
            38.344454,
            -4.754375
          ],
          [
            38.34466,
            -4.754419
          ],
          [
            38.344777,
            -4.754464
          ],
          [
            38.344902,
            -4.754527
          ],
          [
            38.344983,
            -4.75459
          ],
          [
            38.345091,
            -4.754706
          ],
          [
            38.34519,
            -4.754867
          ],
          [
            38.345253,
            -4.755019
          ],
          [
            38.345297,
            -4.755386
          ],
          [
            38.345297,
            -4.755762
          ],
          [
            38.345387,
            -4.7563
          ],
          [
            38.34545,
            -4.75646
          ],
          [
            38.345504,
            -4.756505
          ],
          [
            38.345926,
            -4.756819
          ],
          [
            38.346142,
            -4.756935
          ],
          [
            38.346565,
            -4.757123
          ],
          [
            38.346897,
            -4.757248
          ],
          [
            38.347031,
            -4.757275
          ],
          [
            38.347651,
            -4.75732
          ],
          [
            38.347966,
            -4.757365
          ],
          [
            38.348433,
            -4.757508
          ],
          [
            38.349844,
            -4.758018
          ],
          [
            38.350031,
            -4.758108
          ],
          [
            38.350328,
            -4.758287
          ],
          [
            38.350553,
            -4.758412
          ],
          [
            38.351146,
            -4.758654
          ],
          [
            38.351352,
            -4.758744
          ],
          [
            38.351541,
            -4.758815
          ],
          [
            38.351765,
            -4.758905
          ],
          [
            38.351999,
            -4.758976
          ],
          [
            38.352457,
            -4.759066
          ],
          [
            38.352645,
            -4.759075
          ],
          [
            38.352861,
            -4.759111
          ],
          [
            38.35297,
            -4.759146
          ],
          [
            38.353356,
            -4.759325
          ],
          [
            38.353526,
            -4.759442
          ],
          [
            38.353895,
            -4.759755
          ],
          [
            38.354335,
            -4.760292
          ],
          [
            38.354488,
            -4.760417
          ],
          [
            38.354765,
            -4.760561
          ],
          [
            38.355368,
            -4.760829
          ],
          [
            38.355637,
            -4.761008
          ],
          [
            38.355934,
            -4.76125
          ],
          [
            38.356176,
            -4.761465
          ],
          [
            38.356545,
            -4.761957
          ],
          [
            38.356563,
            -4.762029
          ],
          [
            38.356563,
            -4.762074
          ],
          [
            38.356545,
            -4.762172
          ],
          [
            38.356526,
            -4.762288
          ],
          [
            38.356517,
            -4.76236
          ],
          [
            38.356517,
            -4.76245
          ],
          [
            38.356526,
            -4.762477
          ],
          [
            38.356553,
            -4.76253
          ],
          [
            38.356635,
            -4.762629
          ],
          [
            38.356742,
            -4.762817
          ],
          [
            38.356903,
            -4.763166
          ],
          [
            38.357021,
            -4.763381
          ],
          [
            38.357165,
            -4.763613
          ],
          [
            38.357272,
            -4.763757
          ],
          [
            38.357362,
            -4.763864
          ],
          [
            38.357452,
            -4.763945
          ],
          [
            38.357649,
            -4.76407
          ],
          [
            38.357865,
            -4.764195
          ],
          [
            38.357981,
            -4.764258
          ],
          [
            38.358134,
            -4.764312
          ],
          [
            38.358297,
            -4.764348
          ],
          [
            38.358386,
            -4.764383
          ],
          [
            38.35853,
            -4.764464
          ],
          [
            38.358664,
            -4.76458
          ],
          [
            38.358853,
            -4.764732
          ],
          [
            38.359023,
            -4.76492
          ],
          [
            38.359105,
            -4.765019
          ],
          [
            38.359203,
            -4.764983
          ],
          [
            38.359329,
            -4.764911
          ],
          [
            38.359455,
            -4.764777
          ],
          [
            38.359492,
            -4.764741
          ],
          [
            38.359545,
            -4.764724
          ],
          [
            38.359608,
            -4.764679
          ],
          [
            38.359689,
            -4.764634
          ],
          [
            38.359733,
            -4.764598
          ],
          [
            38.359761,
            -4.764553
          ],
          [
            38.359788,
            -4.764482
          ],
          [
            38.359796,
            -4.764437
          ],
          [
            38.359805,
            -4.764419
          ],
          [
            38.359886,
            -4.764383
          ],
          [
            38.359985,
            -4.764356
          ],
          [
            38.360039,
            -4.764419
          ],
          [
            38.360119,
            -4.764553
          ],
          [
            38.360272,
            -4.764652
          ],
          [
            38.360291,
            -4.764697
          ],
          [
            38.360299,
            -4.764822
          ],
          [
            38.360381,
            -4.764938
          ],
          [
            38.360471,
            -4.765037
          ],
          [
            38.36056,
            -4.765082
          ],
          [
            38.360595,
            -4.765109
          ],
          [
            38.360641,
            -4.765189
          ],
          [
            38.360631,
            -4.76527
          ],
          [
            38.360605,
            -4.765323
          ],
          [
            38.360595,
            -4.765386
          ],
          [
            38.360631,
            -4.76543
          ],
          [
            38.360677,
            -4.765512
          ],
          [
            38.360685,
            -4.765547
          ],
          [
            38.360623,
            -4.765654
          ],
          [
            38.360623,
            -4.765654
          ],
          [
            38.360685,
            -4.765547
          ],
          [
            38.360677,
            -4.765512
          ],
          [
            38.360631,
            -4.76543
          ],
          [
            38.360595,
            -4.765386
          ],
          [
            38.360605,
            -4.765323
          ],
          [
            38.360631,
            -4.76527
          ],
          [
            38.360641,
            -4.765189
          ],
          [
            38.360595,
            -4.765109
          ],
          [
            38.36056,
            -4.765082
          ],
          [
            38.360471,
            -4.765037
          ],
          [
            38.360381,
            -4.764938
          ],
          [
            38.360299,
            -4.764822
          ],
          [
            38.360291,
            -4.764697
          ],
          [
            38.360272,
            -4.764652
          ],
          [
            38.360119,
            -4.764553
          ],
          [
            38.360039,
            -4.764419
          ],
          [
            38.359985,
            -4.764356
          ],
          [
            38.359886,
            -4.764383
          ],
          [
            38.359805,
            -4.764419
          ],
          [
            38.359796,
            -4.764437
          ],
          [
            38.359788,
            -4.764482
          ],
          [
            38.359761,
            -4.764553
          ],
          [
            38.359733,
            -4.764598
          ],
          [
            38.359689,
            -4.764634
          ],
          [
            38.359608,
            -4.764679
          ],
          [
            38.359545,
            -4.764724
          ],
          [
            38.359492,
            -4.764741
          ],
          [
            38.359455,
            -4.764777
          ],
          [
            38.359329,
            -4.764911
          ],
          [
            38.359203,
            -4.764983
          ],
          [
            38.359105,
            -4.765019
          ],
          [
            38.35915,
            -4.765082
          ],
          [
            38.359222,
            -4.765198
          ],
          [
            38.359266,
            -4.765359
          ],
          [
            38.359276,
            -4.765502
          ],
          [
            38.359276,
            -4.765789
          ],
          [
            38.359266,
            -4.765959
          ],
          [
            38.359239,
            -4.766352
          ],
          [
            38.359222,
            -4.766586
          ],
          [
            38.359186,
            -4.76672
          ],
          [
            38.35915,
            -4.766819
          ],
          [
            38.359113,
            -4.766899
          ],
          [
            38.359069,
            -4.766944
          ],
          [
            38.35897,
            -4.767006
          ],
          [
            38.3588,
            -4.767051
          ],
          [
            38.358629,
            -4.767069
          ],
          [
            38.358521,
            -4.767096
          ],
          [
            38.358467,
            -4.767114
          ],
          [
            38.358421,
            -4.76715
          ],
          [
            38.358377,
            -4.767212
          ],
          [
            38.358323,
            -4.767284
          ],
          [
            38.358234,
            -4.767427
          ],
          [
            38.358171,
            -4.767525
          ],
          [
            38.358153,
            -4.767588
          ],
          [
            38.358161,
            -4.767624
          ],
          [
            38.358171,
            -4.76766
          ],
          [
            38.358215,
            -4.767741
          ],
          [
            38.358278,
            -4.767812
          ],
          [
            38.358341,
            -4.767875
          ],
          [
            38.358395,
            -4.767946
          ],
          [
            38.358421,
            -4.768009
          ],
          [
            38.358431,
            -4.768054
          ],
          [
            38.358431,
            -4.768107
          ],
          [
            38.358421,
            -4.76817
          ],
          [
            38.358377,
            -4.76826
          ],
          [
            38.358314,
            -4.768367
          ],
          [
            38.358287,
            -4.768447
          ],
          [
            38.358278,
            -4.76851
          ],
          [
            38.358278,
            -4.768582
          ],
          [
            38.358287,
            -4.768653
          ],
          [
            38.358314,
            -4.768698
          ],
          [
            38.358368,
            -4.76877
          ],
          [
            38.358449,
            -4.768868
          ],
          [
            38.358494,
            -4.768931
          ],
          [
            38.358511,
            -4.768994
          ],
          [
            38.35853,
            -4.769074
          ],
          [
            38.358539,
            -4.769173
          ],
          [
            38.358539,
            -4.76928
          ],
          [
            38.35853,
            -4.769379
          ],
          [
            38.358494,
            -4.76945
          ],
          [
            38.358449,
            -4.769593
          ],
          [
            38.35844,
            -4.769656
          ],
          [
            38.35844,
            -4.769719
          ],
          [
            38.358458,
            -4.769835
          ],
          [
            38.358467,
            -4.769925
          ],
          [
            38.358484,
            -4.770032
          ],
          [
            38.358494,
            -4.770167
          ],
          [
            38.358503,
            -4.770319
          ],
          [
            38.358503,
            -4.770435
          ],
          [
            38.358521,
            -4.770533
          ],
          [
            38.358539,
            -4.770587
          ],
          [
            38.358557,
            -4.770659
          ],
          [
            38.35861,
            -4.770739
          ],
          [
            38.35871,
            -4.770873
          ],
          [
            38.3588,
            -4.77099
          ],
          [
            38.358871,
            -4.771097
          ],
          [
            38.358952,
            -4.771231
          ],
          [
            38.35905,
            -4.771402
          ],
          [
            38.359123,
            -4.7715
          ],
          [
            38.359213,
            -4.771599
          ],
          [
            38.359293,
            -4.771679
          ],
          [
            38.359383,
            -4.771751
          ],
          [
            38.359492,
            -4.77184
          ],
          [
            38.359572,
            -4.771894
          ],
          [
            38.359679,
            -4.771948
          ],
          [
            38.359815,
            -4.772019
          ],
          [
            38.359922,
            -4.772082
          ],
          [
            38.360048,
            -4.772153
          ],
          [
            38.360111,
            -4.772216
          ],
          [
            38.360155,
            -4.772306
          ],
          [
            38.360201,
            -4.772476
          ],
          [
            38.360218,
            -4.77261
          ],
          [
            38.360228,
            -4.77278
          ],
          [
            38.360218,
            -4.772995
          ],
          [
            38.360218,
            -4.773165
          ],
          [
            38.360209,
            -4.773264
          ],
          [
            38.360155,
            -4.773407
          ],
          [
            38.360048,
            -4.773595
          ],
          [
            38.359939,
            -4.773756
          ],
          [
            38.359851,
            -4.773873
          ],
          [
            38.359752,
            -4.77398
          ],
          [
            38.359715,
            -4.77406
          ],
          [
            38.359698,
            -4.774204
          ],
          [
            38.359671,
            -4.774329
          ],
          [
            38.359626,
            -4.774481
          ],
          [
            38.359572,
            -4.774624
          ],
          [
            38.359518,
            -4.774723
          ],
          [
            38.359437,
            -4.774822
          ],
          [
            38.359383,
            -4.774884
          ],
          [
            38.35932,
            -4.774938
          ],
          [
            38.359257,
            -4.775009
          ],
          [
            38.359276,
            -4.77509
          ],
          [
            38.359213,
            -4.775359
          ],
          [
            38.359087,
            -4.775573
          ],
          [
            38.358897,
            -4.775788
          ],
          [
            38.358719,
            -4.775941
          ],
          [
            38.358656,
            -4.776012
          ],
          [
            38.35861,
            -4.77612
          ],
          [
            38.358584,
            -4.776263
          ],
          [
            38.358574,
            -4.776397
          ],
          [
            38.358574,
            -4.776558
          ],
          [
            38.358574,
            -4.776728
          ],
          [
            38.358574,
            -4.776728
          ],
          [
            38.358574,
            -4.776809
          ],
          [
            38.358584,
            -4.777095
          ],
          [
            38.358566,
            -4.777382
          ],
          [
            38.358547,
            -4.777596
          ],
          [
            38.358547,
            -4.777793
          ],
          [
            38.35888,
            -4.77791
          ],
          [
            38.359159,
            -4.777964
          ],
          [
            38.359293,
            -4.777964
          ],
          [
            38.359446,
            -4.777883
          ],
          [
            38.359643,
            -4.77774
          ],
          [
            38.359815,
            -4.777623
          ],
          [
            38.359949,
            -4.777588
          ],
          [
            38.360155,
            -4.777552
          ],
          [
            38.360318,
            -4.777552
          ],
          [
            38.360534,
            -4.777579
          ],
          [
            38.36065,
            -4.777614
          ],
          [
            38.360758,
            -4.777677
          ],
          [
            38.36091,
            -4.777874
          ],
          [
            38.361071,
            -4.77808
          ],
          [
            38.361207,
            -4.778268
          ],
          [
            38.361323,
            -4.778438
          ],
          [
            38.361476,
            -4.77868
          ],
          [
            38.361656,
            -4.778948
          ],
          [
            38.361773,
            -4.779154
          ],
          [
            38.361926,
            -4.779413
          ],
          [
            38.362142,
            -4.779745
          ],
          [
            38.362293,
            -4.78004
          ],
          [
            38.362509,
            -4.780399
          ],
          [
            38.362769,
            -4.78072
          ],
          [
            38.362905,
            -4.7809
          ],
          [
            38.362922,
            -4.780962
          ],
          [
            38.362931,
            -4.781052
          ],
          [
            38.362914,
            -4.781123
          ],
          [
            38.362895,
            -4.781186
          ],
          [
            38.362878,
            -4.781231
          ],
          [
            38.362878,
            -4.781276
          ],
          [
            38.362895,
            -4.781329
          ],
          [
            38.362914,
            -4.781374
          ],
          [
            38.362832,
            -4.781419
          ],
          [
            38.362698,
            -4.781518
          ],
          [
            38.362545,
            -4.781679
          ],
          [
            38.362438,
            -4.781786
          ],
          [
            38.362383,
            -4.781849
          ],
          [
            38.362383,
            -4.781866
          ],
          [
            38.362375,
            -4.781893
          ],
          [
            38.362375,
            -4.781956
          ],
          [
            38.362383,
            -4.782001
          ],
          [
            38.362501,
            -4.782171
          ],
          [
            38.362698,
            -4.78244
          ],
          [
            38.362922,
            -4.782681
          ],
          [
            38.363165,
            -4.782959
          ],
          [
            38.36321,
            -4.783039
          ],
          [
            38.363245,
            -4.783183
          ],
          [
            38.363245,
            -4.783299
          ],
          [
            38.363237,
            -4.783415
          ],
          [
            38.363192,
            -4.783531
          ],
          [
            38.36356,
            -4.783576
          ],
          [
            38.363281,
            -4.783971
          ],
          [
            38.363094,
            -4.784131
          ],
          [
            38.362931,
            -4.784239
          ],
          [
            38.362797,
            -4.784274
          ],
          [
            38.362671,
            -4.784292
          ],
          [
            38.362482,
            -4.784257
          ],
          [
            38.362383,
            -4.784158
          ],
          [
            38.362249,
            -4.784068
          ],
          [
            38.36215,
            -4.784051
          ],
          [
            38.362042,
            -4.78406
          ],
          [
            38.361916,
            -4.784113
          ],
          [
            38.361656,
            -4.784167
          ],
          [
            38.361216,
            -4.784284
          ],
          [
            38.3611,
            -4.784302
          ],
          [
            38.361018,
            -4.784302
          ],
          [
            38.360811,
            -4.784274
          ],
          [
            38.360595,
            -4.784266
          ],
          [
            38.360381,
            -4.784203
          ],
          [
            38.360102,
            -4.784203
          ],
          [
            38.359859,
            -4.784194
          ],
          [
            38.359706,
            -4.784167
          ],
          [
            38.359536,
            -4.784033
          ],
          [
            38.35941,
            -4.783988
          ],
          [
            38.359302,
            -4.783979
          ],
          [
            38.359186,
            -4.783997
          ],
          [
            38.359015,
            -4.783997
          ],
          [
            38.358844,
            -4.783988
          ],
          [
            38.358637,
            -4.783988
          ],
          [
            38.358511,
            -4.783997
          ],
          [
            38.358449,
            -4.784015
          ],
          [
            38.35836,
            -4.78406
          ],
          [
            38.358305,
            -4.784078
          ],
          [
            38.358243,
            -4.784087
          ],
          [
            38.358134,
            -4.784087
          ],
          [
            38.357829,
            -4.784078
          ],
          [
            38.357766,
            -4.784068
          ],
          [
            38.357712,
            -4.784051
          ],
          [
            38.357587,
            -4.784024
          ],
          [
            38.357415,
            -4.783988
          ],
          [
            38.357379,
            -4.783971
          ],
          [
            38.357344,
            -4.783926
          ],
          [
            38.357299,
            -4.783845
          ],
          [
            38.357236,
            -4.783737
          ],
          [
            38.357138,
            -4.783621
          ],
          [
            38.357056,
            -4.783576
          ],
          [
            38.356985,
            -4.783558
          ],
          [
            38.356886,
            -4.783568
          ],
          [
            38.356813,
            -4.783621
          ],
          [
            38.356679,
            -4.783765
          ],
          [
            38.356599,
            -4.783836
          ],
          [
            38.35649,
            -4.783881
          ],
          [
            38.356347,
            -4.783926
          ],
          [
            38.356284,
            -4.783952
          ],
          [
            38.356213,
            -4.784006
          ],
          [
            38.356086,
            -4.784131
          ],
          [
            38.355951,
            -4.784185
          ],
          [
            38.355817,
            -4.784203
          ],
          [
            38.3557,
            -4.784194
          ],
          [
            38.355655,
            -4.784185
          ],
          [
            38.355628,
            -4.784194
          ],
          [
            38.35561,
            -4.784203
          ],
          [
            38.35561,
            -4.78423
          ],
          [
            38.355637,
            -4.784257
          ],
          [
            38.355691,
            -4.784284
          ],
          [
            38.355727,
            -4.784319
          ],
          [
            38.355736,
            -4.784337
          ],
          [
            38.355727,
            -4.784391
          ],
          [
            38.355718,
            -4.784445
          ],
          [
            38.355681,
            -4.784508
          ],
          [
            38.35562,
            -4.784561
          ],
          [
            38.355592,
            -4.784597
          ],
          [
            38.355557,
            -4.784669
          ],
          [
            38.355538,
            -4.784695
          ],
          [
            38.355511,
            -4.784704
          ],
          [
            38.355484,
            -4.784704
          ],
          [
            38.355448,
            -4.784687
          ],
          [
            38.355368,
            -4.784632
          ],
          [
            38.355278,
            -4.784552
          ],
          [
            38.355205,
            -4.784508
          ],
          [
            38.355188,
            -4.784516
          ],
          [
            38.35517,
            -4.784525
          ],
          [
            38.355197,
            -4.784615
          ],
          [
            38.355224,
            -4.784767
          ],
          [
            38.35526,
            -4.784928
          ],
          [
            38.355314,
            -4.785035
          ],
          [
            38.355358,
            -4.78508
          ],
          [
            38.355358,
            -4.785107
          ],
          [
            38.35535,
            -4.785116
          ],
          [
            38.355287,
            -4.785107
          ],
          [
            38.355224,
            -4.78508
          ],
          [
            38.35517,
            -4.785045
          ],
          [
            38.355116,
            -4.785027
          ],
          [
            38.355054,
            -4.785035
          ],
          [
            38.354999,
            -4.785062
          ],
          [
            38.354945,
            -4.785098
          ],
          [
            38.354918,
            -4.785107
          ],
          [
            38.354775,
            -4.785098
          ],
          [
            38.354712,
            -4.785098
          ],
          [
            38.354622,
            -4.785116
          ],
          [
            38.354452,
            -4.785143
          ],
          [
            38.354191,
            -4.78517
          ],
          [
            38.353993,
            -4.785206
          ],
          [
            38.353823,
            -4.785295
          ],
          [
            38.353697,
            -4.78542
          ],
          [
            38.353626,
            -4.785546
          ],
          [
            38.353544,
            -4.785733
          ],
          [
            38.35349,
            -4.785832
          ],
          [
            38.353356,
            -4.785984
          ],
          [
            38.353194,
            -4.786119
          ],
          [
            38.353121,
            -4.786163
          ],
          [
            38.35297,
            -4.786235
          ],
          [
            38.35252,
            -4.786379
          ],
          [
            38.3519,
            -4.786611
          ],
          [
            38.351721,
            -4.786718
          ],
          [
            38.35155,
            -4.786871
          ],
          [
            38.351092,
            -4.787264
          ],
          [
            38.351029,
            -4.787291
          ],
          [
            38.350777,
            -4.787336
          ],
          [
            38.350723,
            -4.78739
          ],
          [
            38.350687,
            -4.78748
          ],
          [
            38.350616,
            -4.787587
          ],
          [
            38.350517,
            -4.78764
          ],
          [
            38.350436,
            -4.787649
          ],
          [
            38.350238,
            -4.78764
          ],
          [
            38.349915,
            -4.787596
          ],
          [
            38.349844,
            -4.78756
          ],
          [
            38.349754,
            -4.78748
          ],
          [
            38.349699,
            -4.787461
          ],
          [
            38.349457,
            -4.787435
          ],
          [
            38.349259,
            -4.787453
          ],
          [
            38.348963,
            -4.78756
          ],
          [
            38.348855,
            -4.787569
          ],
          [
            38.348792,
            -4.787578
          ],
          [
            38.348595,
            -4.787533
          ],
          [
            38.34828,
            -4.787542
          ],
          [
            38.347705,
            -4.787775
          ],
          [
            38.347444,
            -4.787909
          ],
          [
            38.347265,
            -4.788017
          ],
          [
            38.346825,
            -4.788213
          ],
          [
            38.346546,
            -4.788375
          ],
          [
            38.346429,
            -4.788402
          ],
          [
            38.34616,
            -4.788589
          ],
          [
            38.345989,
            -4.788733
          ],
          [
            38.345962,
            -4.788795
          ],
          [
            38.345944,
            -4.788876
          ],
          [
            38.345926,
            -4.789019
          ],
          [
            38.345882,
            -4.789243
          ],
          [
            38.345702,
            -4.789628
          ],
          [
            38.345639,
            -4.7897
          ],
          [
            38.345496,
            -4.789798
          ],
          [
            38.345468,
            -4.789843
          ],
          [
            38.345423,
            -4.789995
          ],
          [
            38.345414,
            -4.790102
          ],
          [
            38.345423,
            -4.79038
          ],
          [
            38.345414,
            -4.79047
          ],
          [
            38.34537,
            -4.790567
          ],
          [
            38.345253,
            -4.790622
          ],
          [
            38.34511,
            -4.79063
          ],
          [
            38.344804,
            -4.79055
          ],
          [
            38.344624,
            -4.790532
          ],
          [
            38.344454,
            -4.790532
          ],
          [
            38.343915,
            -4.790604
          ],
          [
            38.343267,
            -4.790729
          ],
          [
            38.343205,
            -4.790729
          ],
          [
            38.343079,
            -4.790684
          ],
          [
            38.342873,
            -4.790567
          ],
          [
            38.342818,
            -4.790567
          ],
          [
            38.342756,
            -4.790666
          ],
          [
            38.34272,
            -4.790756
          ],
          [
            38.342683,
            -4.791015
          ],
          [
            38.342683,
            -4.791194
          ],
          [
            38.342746,
            -4.791463
          ],
          [
            38.342836,
            -4.791713
          ],
          [
            38.342846,
            -4.791785
          ],
          [
            38.34281,
            -4.791776
          ],
          [
            38.342756,
            -4.791732
          ],
          [
            38.342611,
            -4.791561
          ],
          [
            38.342521,
            -4.791472
          ],
          [
            38.342441,
            -4.791392
          ],
          [
            38.34237,
            -4.791176
          ],
          [
            38.342307,
            -4.790729
          ],
          [
            38.342261,
            -4.790541
          ],
          [
            38.342234,
            -4.790478
          ],
          [
            38.341884,
            -4.789995
          ],
          [
            38.341831,
            -4.789888
          ],
          [
            38.341831,
            -4.789807
          ],
          [
            38.341848,
            -4.789762
          ],
          [
            38.341902,
            -4.78969
          ],
          [
            38.342001,
            -4.789601
          ],
          [
            38.342171,
            -4.789404
          ],
          [
            38.34219,
            -4.78935
          ],
          [
            38.342217,
            -4.789297
          ],
          [
            38.342252,
            -4.789145
          ],
          [
            38.342244,
            -4.789064
          ],
          [
            38.342207,
            -4.788822
          ],
          [
            38.3421,
            -4.788661
          ],
          [
            38.341884,
            -4.788383
          ],
          [
            38.341785,
            -4.787793
          ],
          [
            38.341678,
            -4.78756
          ],
          [
            38.341632,
            -4.787301
          ],
          [
            38.341615,
            -4.787256
          ],
          [
            38.341588,
            -4.787237
          ],
          [
            38.341534,
            -4.787237
          ],
          [
            38.341309,
            -4.787399
          ],
          [
            38.341265,
            -4.787417
          ],
          [
            38.341175,
            -4.787426
          ],
          [
            38.341058,
            -4.787363
          ],
          [
            38.341003,
            -4.787301
          ],
          [
            38.340949,
            -4.78713
          ],
          [
            38.340949,
            -4.78705
          ],
          [
            38.340976,
            -4.786933
          ],
          [
            38.341318,
            -4.78679
          ],
          [
            38.341668,
            -4.786521
          ],
          [
            38.342054,
            -4.786334
          ],
          [
            38.342171,
            -4.786262
          ],
          [
            38.34219,
            -4.786226
          ],
          [
            38.34219,
            -4.78619
          ],
          [
            38.342181,
            -4.786136
          ],
          [
            38.342144,
            -4.786083
          ],
          [
            38.342018,
            -4.786038
          ],
          [
            38.34192,
            -4.785984
          ],
          [
            38.341884,
            -4.785868
          ],
          [
            38.341884,
            -4.785743
          ],
          [
            38.341902,
            -4.78568
          ],
          [
            38.341938,
            -4.785591
          ],
          [
            38.341983,
            -4.785546
          ],
          [
            38.342333,
            -4.785277
          ],
          [
            38.34237,
            -4.785259
          ],
          [
            38.342611,
            -4.785241
          ],
          [
            38.342737,
            -4.785161
          ],
          [
            38.342764,
            -4.785125
          ],
          [
            38.342836,
            -4.784946
          ],
          [
            38.342863,
            -4.784758
          ],
          [
            38.342854,
            -4.784624
          ],
          [
            38.342756,
            -4.784463
          ],
          [
            38.342567,
            -4.784221
          ],
          [
            38.342567,
            -4.784221
          ],
          [
            38.342504,
            -4.78414
          ],
          [
            38.342414,
            -4.784033
          ],
          [
            38.342091,
            -4.783908
          ],
          [
            38.341767,
            -4.783747
          ],
          [
            38.341695,
            -4.783728
          ],
          [
            38.341192,
            -4.7838
          ],
          [
            38.341112,
            -4.7838
          ],
          [
            38.340869,
            -4.783773
          ],
          [
            38.340249,
            -4.783675
          ],
          [
            38.339863,
            -4.783675
          ],
          [
            38.339754,
            -4.783702
          ],
          [
            38.339557,
            -4.7838
          ],
          [
            38.33945,
            -4.783836
          ],
          [
            38.339144,
            -4.783818
          ],
          [
            38.339091,
            -4.783827
          ],
          [
            38.339045,
            -4.783845
          ],
          [
            38.338829,
            -4.784015
          ],
          [
            38.338767,
            -4.784042
          ],
          [
            38.338712,
            -4.78406
          ],
          [
            38.338605,
            -4.784042
          ],
          [
            38.338291,
            -4.783899
          ],
          [
            38.338192,
            -4.783889
          ],
          [
            38.338075,
            -4.783926
          ],
          [
            38.337923,
            -4.784033
          ],
          [
            38.33785,
            -4.78406
          ],
          [
            38.33732,
            -4.784105
          ],
          [
            38.337221,
            -4.784087
          ],
          [
            38.337114,
            -4.784051
          ],
          [
            38.33697,
            -4.783971
          ],
          [
            38.336475,
            -4.783792
          ],
          [
            38.335731,
            -4.783451
          ],
          [
            38.335659,
            -4.783433
          ],
          [
            38.335613,
            -4.783451
          ],
          [
            38.335596,
            -4.783487
          ],
          [
            38.335596,
            -4.783568
          ],
          [
            38.335802,
            -4.784105
          ],
          [
            38.335919,
            -4.784257
          ],
          [
            38.335946,
            -4.784346
          ],
          [
            38.336018,
            -4.784767
          ],
          [
            38.336009,
            -4.784811
          ],
          [
            38.335982,
            -4.784848
          ],
          [
            38.335901,
            -4.784866
          ],
          [
            38.335649,
            -4.784785
          ],
          [
            38.335496,
            -4.784749
          ],
          [
            38.33512,
            -4.784749
          ],
          [
            38.33477,
            -4.784731
          ],
          [
            38.333925,
            -4.784731
          ],
          [
            38.333745,
            -4.784714
          ],
          [
            38.333665,
            -4.784687
          ],
          [
            38.333619,
            -4.784632
          ],
          [
            38.333502,
            -4.784391
          ],
          [
            38.333467,
            -4.784346
          ],
          [
            38.333404,
            -4.784302
          ],
          [
            38.333116,
            -4.784185
          ],
          [
            38.332982,
            -4.78415
          ],
          [
            38.33273,
            -4.784123
          ],
          [
            38.332164,
            -4.784123
          ],
          [
            38.331921,
            -4.784087
          ],
          [
            38.331894,
            -4.784087
          ],
          [
            38.331921,
            -4.784068
          ],
          [
            38.332066,
            -4.783944
          ],
          [
            38.332236,
            -4.7838
          ],
          [
            38.332389,
            -4.783657
          ],
          [
            38.33247,
            -4.783558
          ],
          [
            38.332506,
            -4.783505
          ],
          [
            38.332533,
            -4.783433
          ],
          [
            38.33255,
            -4.783317
          ],
          [
            38.332542,
            -4.783084
          ],
          [
            38.33255,
            -4.782914
          ],
          [
            38.332577,
            -4.782681
          ],
          [
            38.332604,
            -4.782511
          ],
          [
            38.33264,
            -4.782341
          ],
          [
            38.332667,
            -4.782216
          ],
          [
            38.33273,
            -4.781974
          ],
          [
            38.332775,
            -4.781866
          ],
          [
            38.332829,
            -4.781777
          ],
          [
            38.332883,
            -4.781724
          ],
          [
            38.332973,
            -4.781652
          ],
          [
            38.333062,
            -4.781589
          ],
          [
            38.333188,
            -4.781508
          ],
          [
            38.333341,
            -4.781428
          ],
          [
            38.333494,
            -4.781339
          ],
          [
            38.333575,
            -4.781294
          ],
          [
            38.333619,
            -4.781249
          ],
          [
            38.333691,
            -4.78115
          ],
          [
            38.333745,
            -4.78107
          ],
          [
            38.333764,
            -4.780971
          ],
          [
            38.333772,
            -4.780882
          ],
          [
            38.333754,
            -4.780783
          ],
          [
            38.333655,
            -4.780569
          ],
          [
            38.333485,
            -4.78013
          ],
          [
            38.333332,
            -4.779763
          ],
          [
            38.333305,
            -4.779656
          ],
          [
            38.333206,
            -4.779306
          ],
          [
            38.333143,
            -4.779092
          ],
          [
            38.333135,
            -4.77902
          ],
          [
            38.333135,
            -4.778894
          ],
          [
            38.333179,
            -4.778787
          ],
          [
            38.333278,
            -4.778689
          ],
          [
            38.333431,
            -4.778608
          ],
          [
            38.333628,
            -4.778545
          ],
          [
            38.333862,
            -4.778474
          ],
          [
            38.333934,
            -4.778465
          ],
          [
            38.33406,
            -4.778456
          ],
          [
            38.334248,
            -4.778501
          ],
          [
            38.334347,
            -4.778501
          ],
          [
            38.334464,
            -4.778474
          ],
          [
            38.334599,
            -4.778429
          ],
          [
            38.334697,
            -4.778366
          ],
          [
            38.334814,
            -4.778259
          ],
          [
            38.334922,
            -4.778125
          ],
          [
            38.33494,
            -4.778044
          ],
          [
            38.33494,
            -4.777892
          ],
          [
            38.334931,
            -4.777641
          ],
          [
            38.334868,
            -4.7774
          ],
          [
            38.334823,
            -4.777203
          ],
          [
            38.334814,
            -4.777069
          ],
          [
            38.33485,
            -4.776871
          ],
          [
            38.334886,
            -4.776773
          ],
          [
            38.335012,
            -4.776603
          ],
          [
            38.335173,
            -4.776379
          ],
          [
            38.335273,
            -4.776263
          ],
          [
            38.335523,
            -4.776065
          ],
          [
            38.335686,
            -4.775949
          ],
          [
            38.335749,
            -4.775886
          ],
          [
            38.33582,
            -4.775797
          ],
          [
            38.335856,
            -4.775725
          ],
          [
            38.335883,
            -4.775654
          ],
          [
            38.33591,
            -4.775573
          ],
          [
            38.335928,
            -4.77552
          ],
          [
            38.335938,
            -4.775412
          ],
          [
            38.335919,
            -4.775251
          ],
          [
            38.33591,
            -4.775143
          ],
          [
            38.335928,
            -4.775046
          ],
          [
            38.335965,
            -4.774857
          ],
          [
            38.336028,
            -4.774562
          ],
          [
            38.336062,
            -4.774392
          ],
          [
            38.336062,
            -4.77432
          ],
          [
            38.336062,
            -4.774284
          ],
          [
            38.336045,
            -4.774258
          ],
          [
            38.336018,
            -4.774213
          ],
          [
            38.335982,
            -4.774195
          ],
          [
            38.335928,
            -4.774177
          ],
          [
            38.335838,
            -4.774159
          ],
          [
            38.335641,
            -4.774141
          ],
          [
            38.335479,
            -4.774141
          ],
          [
            38.335344,
            -4.77415
          ],
          [
            38.335209,
            -4.77415
          ],
          [
            38.335137,
            -4.77415
          ],
          [
            38.335039,
            -4.774123
          ],
          [
            38.33485,
            -4.77406
          ],
          [
            38.334751,
            -4.774034
          ],
          [
            38.334653,
            -4.773989
          ],
          [
            38.334544,
            -4.773926
          ],
          [
            38.334446,
            -4.773837
          ],
          [
            38.334284,
            -4.773694
          ],
          [
            38.334204,
            -4.773613
          ],
          [
            38.33415,
            -4.773515
          ],
          [
            38.334078,
            -4.773398
          ],
          [
            38.333915,
            -4.773103
          ],
          [
            38.333889,
            -4.773022
          ],
          [
            38.333889,
            -4.773022
          ],
          [
            38.333844,
            -4.772906
          ],
          [
            38.333754,
            -4.772735
          ],
          [
            38.333655,
            -4.772575
          ],
          [
            38.333548,
            -4.772414
          ],
          [
            38.333512,
            -4.772324
          ],
          [
            38.333458,
            -4.772225
          ],
          [
            38.333439,
            -4.772145
          ],
          [
            38.333412,
            -4.772029
          ],
          [
            38.333395,
            -4.771903
          ],
          [
            38.333386,
            -4.771751
          ],
          [
            38.333395,
            -4.771626
          ],
          [
            38.333431,
            -4.771464
          ],
          [
            38.333431,
            -4.771366
          ],
          [
            38.333431,
            -4.771321
          ],
          [
            38.333422,
            -4.771276
          ],
          [
            38.333404,
            -4.771231
          ],
          [
            38.333359,
            -4.771151
          ],
          [
            38.333349,
            -4.771124
          ],
          [
            38.333349,
            -4.771079
          ],
          [
            38.333359,
            -4.771017
          ],
          [
            38.333378,
            -4.77091
          ],
          [
            38.333386,
            -4.770856
          ],
          [
            38.333378,
            -4.770757
          ],
          [
            38.333368,
            -4.770677
          ],
          [
            38.333368,
            -4.770614
          ],
          [
            38.333378,
            -4.770569
          ],
          [
            38.333386,
            -4.770507
          ],
          [
            38.333412,
            -4.770453
          ],
          [
            38.333439,
            -4.770417
          ],
          [
            38.333512,
            -4.770354
          ],
          [
            38.333592,
            -4.770292
          ],
          [
            38.333682,
            -4.770229
          ],
          [
            38.333709,
            -4.770193
          ],
          [
            38.333728,
            -4.770157
          ],
          [
            38.333764,
            -4.770068
          ],
          [
            38.333799,
            -4.769961
          ],
          [
            38.333854,
            -4.769853
          ],
          [
            38.333934,
            -4.769719
          ],
          [
            38.334024,
            -4.769585
          ],
          [
            38.334141,
            -4.769414
          ],
          [
            38.334275,
            -4.769245
          ],
          [
            38.334365,
            -4.76911
          ],
          [
            38.33441,
            -4.769039
          ],
          [
            38.334437,
            -4.768976
          ],
          [
            38.334454,
            -4.768904
          ],
          [
            38.334473,
            -4.768823
          ],
          [
            38.334554,
            -4.768591
          ],
          [
            38.334571,
            -4.768546
          ],
          [
            38.334634,
            -4.768323
          ],
          [
            38.334697,
            -4.768144
          ],
          [
            38.33477,
            -4.768009
          ],
          [
            38.334823,
            -4.76791
          ],
          [
            38.334886,
            -4.767812
          ],
          [
            38.334949,
            -4.767758
          ],
          [
            38.335057,
            -4.767687
          ],
          [
            38.335173,
            -4.767606
          ],
          [
            38.335263,
            -4.767552
          ],
          [
            38.335362,
            -4.767508
          ],
          [
            38.335523,
            -4.767445
          ],
          [
            38.335731,
            -4.767382
          ],
          [
            38.335875,
            -4.767338
          ],
          [
            38.335965,
            -4.767302
          ],
          [
            38.336028,
            -4.767248
          ],
          [
            38.336062,
            -4.767177
          ],
          [
            38.336108,
            -4.767078
          ],
          [
            38.336125,
            -4.767006
          ],
          [
            38.336135,
            -4.766917
          ],
          [
            38.336144,
            -4.766765
          ],
          [
            38.336152,
            -4.766666
          ],
          [
            38.336152,
            -4.766639
          ],
          [
            38.336162,
            -4.766595
          ],
          [
            38.336171,
            -4.766586
          ],
          [
            38.336188,
            -4.766523
          ],
          [
            38.336225,
            -4.766371
          ],
          [
            38.336261,
            -4.766299
          ],
          [
            38.336305,
            -4.76621
          ],
          [
            38.336386,
            -4.766111
          ],
          [
            38.336458,
            -4.766031
          ],
          [
            38.336504,
            -4.765977
          ],
          [
            38.336584,
            -4.765905
          ],
          [
            38.336647,
            -4.76587
          ],
          [
            38.336745,
            -4.765807
          ],
          [
            38.33698,
            -4.765654
          ],
          [
            38.337007,
            -4.765636
          ],
          [
            38.337123,
            -4.765574
          ],
          [
            38.337276,
            -4.765502
          ],
          [
            38.33742,
            -4.76543
          ],
          [
            38.33759,
            -4.765333
          ],
          [
            38.337707,
            -4.765251
          ],
          [
            38.337779,
            -4.765198
          ],
          [
            38.337823,
            -4.765171
          ],
          [
            38.337959,
            -4.765072
          ],
          [
            38.338066,
            -4.764992
          ],
          [
            38.338255,
            -4.764786
          ],
          [
            38.338336,
            -4.764679
          ],
          [
            38.338353,
            -4.764625
          ],
          [
            38.338362,
            -4.764571
          ],
          [
            38.338362,
            -4.764508
          ],
          [
            38.338345,
            -4.764419
          ],
          [
            38.338299,
            -4.764339
          ],
          [
            38.338236,
            -4.76424
          ],
          [
            38.338075,
            -4.764034
          ],
          [
            38.337913,
            -4.763864
          ],
          [
            38.337787,
            -4.763739
          ],
          [
            38.337573,
            -4.763542
          ],
          [
            38.337401,
            -4.763354
          ],
          [
            38.33732,
            -4.763255
          ],
          [
            38.337257,
            -4.763139
          ],
          [
            38.337168,
            -4.76296
          ],
          [
            38.337078,
            -4.76279
          ],
          [
            38.336997,
            -4.76262
          ],
          [
            38.33697,
            -4.762548
          ],
          [
            38.336952,
            -4.76245
          ],
          [
            38.336961,
            -4.762226
          ],
          [
            38.33697,
            -4.762101
          ],
          [
            38.336961,
            -4.762029
          ],
          [
            38.336961,
            -4.762011
          ],
          [
            38.336952,
            -4.76194
          ],
          [
            38.336944,
            -4.76185
          ],
          [
            38.336898,
            -4.761689
          ],
          [
            38.336827,
            -4.761483
          ],
          [
            38.336773,
            -4.761313
          ],
          [
            38.336655,
            -4.761071
          ],
          [
            38.336575,
            -4.760955
          ],
          [
            38.336494,
            -4.760874
          ],
          [
            38.336449,
            -4.760829
          ],
          [
            38.336422,
            -4.760794
          ],
          [
            38.336324,
            -4.760946
          ],
          [
            38.336261,
            -4.761044
          ],
          [
            38.336215,
            -4.761134
          ],
          [
            38.336152,
            -4.761232
          ],
          [
            38.336125,
            -4.761259
          ],
          [
            38.336062,
            -4.761241
          ],
          [
            38.335938,
            -4.761187
          ],
          [
            38.335775,
            -4.761125
          ],
          [
            38.335596,
            -4.761089
          ],
          [
            38.335344,
            -4.761053
          ],
          [
            38.335137,
            -4.761008
          ],
          [
            38.335012,
            -4.760955
          ]
        ]
      },
      "properties": {
        "type": "track",
        "day": 6,
        "title": "יום 6: מעבר ביער קדום וביקור בשוק המקומי הישן",
        "distance": "19 ק\"מ הליכה",
        "duration": "6–7 שעות הליכה (ניתן לקצר)",
        "elevation": "עלייה: 800 מטר, ירידה: 650 מטר",
        "description": "יום הליכה מאתגר דרך שמורת יער גשם קדמונית, המלאה בצמחייה אנדמית. ביקור בשוק שבועי צבעוני. הגעה ללודג' הררי בסיום המסלול.",
        "link": "gpx/day6.gpx",
        "link_text": "📥 הורד קובץ GPX"
      }
    },
    {
      "type": "Feature",
      "geometry": {
        "type": "Point",
        "coordinates": [
          38.335012,
          -4.760955
        ]
      },
      "properties": {
        "type": "site",
        "day": 6,
        "title": "יום 6: לינה בלודג' הררי מפנק (Müller's Mountain Lodge)",
        "distance": "הגעה בסוף מסלול הליכה ארוך",
        "duration": "הגעה לקראת ערב",
        "elevation": "גובה: 1,700 מטר",
        "description": "לינה והתרעננות ב-Müller's Mountain Lodge בלב אזור מיוער ושקט. מקום מושלם להרפיית השרירים אחרי הצעידה הארוכה ביותר בטרק.",
        "link": "https://www.exploretanzania.nl/en/properties/mullers-mountain-lodge/",
        "link_text": "🏡 אתר המידע והזמנות ל-Müller's Mountain Lodge"
      }
    },
    {
      "type": "Feature",
      "geometry": {
        "type": "LineString",
        "coordinates": [
          [
            38.335012,
            -4.760955
          ],
          [
            38.297939,
            -4.748565
          ],
          [
            38.297857,
            -4.748493
          ],
          [
            38.297677,
            -4.748269
          ],
          [
            38.297327,
            -4.747849
          ],
          [
            38.297193,
            -4.747688
          ],
          [
            38.297058,
            -4.747526
          ],
          [
            38.297031,
            -4.747472
          ],
          [
            38.297022,
            -4.747446
          ],
          [
            38.29695,
            -4.747499
          ],
          [
            38.296887,
            -4.747544
          ],
          [
            38.296465,
            -4.747714
          ],
          [
            38.296241,
            -4.74783
          ],
          [
            38.296205,
            -4.747867
          ],
          [
            38.296151,
            -4.747938
          ],
          [
            38.296115,
            -4.748001
          ],
          [
            38.296043,
            -4.748297
          ],
          [
            38.295962,
            -4.748457
          ],
          [
            38.295882,
            -4.748556
          ],
          [
            38.295773,
            -4.748663
          ],
          [
            38.295566,
            -4.748816
          ],
          [
            38.295279,
            -4.748958
          ],
          [
            38.29509,
            -4.74903
          ],
          [
            38.29483,
            -4.749084
          ],
          [
            38.294696,
            -4.749093
          ],
          [
            38.294255,
            -4.749048
          ],
          [
            38.294111,
            -4.749021
          ],
          [
            38.293958,
            -4.748976
          ],
          [
            38.293941,
            -4.748986
          ],
          [
            38.293861,
            -4.749003
          ],
          [
            38.293716,
            -4.74903
          ],
          [
            38.293572,
            -4.749066
          ],
          [
            38.293528,
            -4.749084
          ],
          [
            38.293474,
            -4.74912
          ],
          [
            38.293411,
            -4.749192
          ],
          [
            38.293348,
            -4.74929
          ],
          [
            38.293329,
            -4.749344
          ],
          [
            38.293312,
            -4.749433
          ],
          [
            38.293285,
            -4.749585
          ],
          [
            38.293285,
            -4.749648
          ],
          [
            38.293295,
            -4.749791
          ],
          [
            38.293295,
            -4.749827
          ],
          [
            38.293285,
            -4.749854
          ],
          [
            38.293258,
            -4.749943
          ],
          [
            38.293222,
            -4.750006
          ],
          [
            38.293169,
            -4.750114
          ],
          [
            38.29315,
            -4.750158
          ],
          [
            38.29315,
            -4.750293
          ],
          [
            38.293123,
            -4.750633
          ],
          [
            38.293123,
            -4.75091
          ],
          [
            38.293096,
            -4.751009
          ],
          [
            38.293042,
            -4.751098
          ],
          [
            38.293088,
            -4.751152
          ],
          [
            38.293123,
            -4.751179
          ],
          [
            38.293375,
            -4.751304
          ],
          [
            38.293654,
            -4.751466
          ],
          [
            38.293932,
            -4.7516
          ],
          [
            38.294255,
            -4.751707
          ],
          [
            38.294255,
            -4.751707
          ],
          [
            38.294255,
            -4.751707
          ],
          [
            38.2943,
            -4.751743
          ],
          [
            38.294327,
            -4.751787
          ],
          [
            38.294327,
            -4.751832
          ],
          [
            38.294318,
            -4.751886
          ],
          [
            38.294282,
            -4.751949
          ],
          [
            38.294184,
            -4.752101
          ],
          [
            38.294121,
            -4.752209
          ],
          [
            38.293869,
            -4.752692
          ],
          [
            38.293456,
            -4.753507
          ],
          [
            38.293268,
            -4.753829
          ],
          [
            38.293106,
            -4.754053
          ],
          [
            38.292989,
            -4.754187
          ],
          [
            38.292809,
            -4.754384
          ],
          [
            38.292666,
            -4.754635
          ],
          [
            38.292549,
            -4.754894
          ],
          [
            38.292486,
            -4.755189
          ],
          [
            38.292387,
            -4.755413
          ],
          [
            38.292316,
            -4.755476
          ],
          [
            38.292253,
            -4.755512
          ],
          [
            38.292108,
            -4.755538
          ],
          [
            38.291893,
            -4.755485
          ],
          [
            38.291721,
            -4.755422
          ],
          [
            38.291587,
            -4.755306
          ],
          [
            38.291534,
            -4.755234
          ],
          [
            38.291488,
            -4.755145
          ],
          [
            38.291444,
            -4.754939
          ],
          [
            38.291434,
            -4.754769
          ],
          [
            38.291444,
            -4.754697
          ],
          [
            38.291461,
            -4.754598
          ],
          [
            38.291507,
            -4.754393
          ],
          [
            38.291515,
            -4.754213
          ],
          [
            38.291515,
            -4.753882
          ],
          [
            38.291498,
            -4.753802
          ],
          [
            38.291461,
            -4.753784
          ],
          [
            38.291408,
            -4.75381
          ],
          [
            38.291327,
            -4.753882
          ],
          [
            38.291264,
            -4.753972
          ],
          [
            38.291228,
            -4.754079
          ],
          [
            38.291121,
            -4.754285
          ],
          [
            38.291039,
            -4.754393
          ],
          [
            38.290914,
            -4.754545
          ],
          [
            38.290761,
            -4.754688
          ],
          [
            38.290662,
            -4.754751
          ],
          [
            38.290555,
            -4.754814
          ],
          [
            38.290446,
            -4.754849
          ],
          [
            38.290366,
            -4.754894
          ],
          [
            38.290329,
            -4.75493
          ],
          [
            38.29024,
            -4.755082
          ],
          [
            38.290096,
            -4.755315
          ],
          [
            38.289809,
            -4.755798
          ],
          [
            38.289664,
            -4.756049
          ],
          [
            38.289629,
            -4.756174
          ],
          [
            38.28962,
            -4.756237
          ],
          [
            38.289629,
            -4.756407
          ],
          [
            38.28971,
            -4.756658
          ],
          [
            38.289836,
            -4.756863
          ],
          [
            38.289899,
            -4.756899
          ],
          [
            38.28997,
            -4.756908
          ],
          [
            38.290069,
            -4.756882
          ],
          [
            38.290123,
            -4.756855
          ],
          [
            38.290222,
            -4.756828
          ],
          [
            38.290293,
            -4.756837
          ],
          [
            38.2905,
            -4.75689
          ],
          [
            38.290582,
            -4.756926
          ],
          [
            38.290618,
            -4.756953
          ],
          [
            38.290653,
            -4.757087
          ],
          [
            38.290671,
            -4.757356
          ],
          [
            38.290689,
            -4.757464
          ],
          [
            38.290662,
            -4.757544
          ],
          [
            38.290582,
            -4.757651
          ],
          [
            38.290482,
            -4.757714
          ],
          [
            38.29032,
            -4.75783
          ],
          [
            38.290249,
            -4.757938
          ],
          [
            38.290203,
            -4.758009
          ],
          [
            38.290142,
            -4.758144
          ],
          [
            38.290042,
            -4.75843
          ],
          [
            38.289899,
            -4.758717
          ],
          [
            38.289737,
            -4.75886
          ],
          [
            38.289737,
            -4.75886
          ],
          [
            38.289737,
            -4.75886
          ],
          [
            38.289503,
            -4.759048
          ],
          [
            38.289207,
            -4.759209
          ],
          [
            38.289054,
            -4.759298
          ],
          [
            38.288955,
            -4.759397
          ],
          [
            38.28865,
            -4.759719
          ],
          [
            38.288408,
            -4.759997
          ],
          [
            38.288119,
            -4.760275
          ],
          [
            38.287796,
            -4.760596
          ],
          [
            38.28758,
            -4.760812
          ],
          [
            38.287473,
            -4.760892
          ],
          [
            38.287293,
            -4.760991
          ],
          [
            38.287006,
            -4.761125
          ],
          [
            38.286898,
            -4.76116
          ],
          [
            38.286763,
            -4.761205
          ],
          [
            38.2867,
            -4.761223
          ],
          [
            38.286664,
            -4.761241
          ],
          [
            38.286601,
            -4.761295
          ],
          [
            38.286458,
            -4.761411
          ],
          [
            38.286287,
            -4.761563
          ],
          [
            38.286152,
            -4.761698
          ],
          [
            38.286,
            -4.761859
          ],
          [
            38.285847,
            -4.761984
          ],
          [
            38.285784,
            -4.762056
          ],
          [
            38.285739,
            -4.762119
          ],
          [
            38.285668,
            -4.762288
          ],
          [
            38.285559,
            -4.762584
          ],
          [
            38.285524,
            -4.762673
          ],
          [
            38.285452,
            -4.762817
          ],
          [
            38.285299,
            -4.763041
          ],
          [
            38.285083,
            -4.763291
          ],
          [
            38.284976,
            -4.763407
          ],
          [
            38.284868,
            -4.763542
          ],
          [
            38.284868,
            -4.763542
          ],
          [
            38.284868,
            -4.763542
          ],
          [
            38.28476,
            -4.763703
          ],
          [
            38.284626,
            -4.764079
          ],
          [
            38.284563,
            -4.764258
          ],
          [
            38.2845,
            -4.764383
          ],
          [
            38.284131,
            -4.764706
          ],
          [
            38.284041,
            -4.764795
          ],
          [
            38.283861,
            -4.764893
          ],
          [
            38.283718,
            -4.764983
          ],
          [
            38.283511,
            -4.765082
          ],
          [
            38.283188,
            -4.765216
          ],
          [
            38.282819,
            -4.765341
          ],
          [
            38.282622,
            -4.765404
          ],
          [
            38.282532,
            -4.76543
          ],
          [
            38.28246,
            -4.765467
          ],
          [
            38.282326,
            -4.765583
          ],
          [
            38.281984,
            -4.765896
          ],
          [
            38.28185,
            -4.766049
          ],
          [
            38.281624,
            -4.766335
          ],
          [
            38.281553,
            -4.766478
          ],
          [
            38.281563,
            -4.766595
          ],
          [
            38.281607,
            -4.766827
          ],
          [
            38.28184,
            -4.767346
          ],
          [
            38.281886,
            -4.767472
          ],
          [
            38.281894,
            -4.767552
          ],
          [
            38.281894,
            -4.767579
          ],
          [
            38.281894,
            -4.767579
          ],
          [
            38.281876,
            -4.767677
          ],
          [
            38.28184,
            -4.767749
          ],
          [
            38.281742,
            -4.767901
          ],
          [
            38.281571,
            -4.768062
          ],
          [
            38.281463,
            -4.768161
          ],
          [
            38.281301,
            -4.768224
          ],
          [
            38.280888,
            -4.768295
          ],
          [
            38.280808,
            -4.768313
          ],
          [
            38.280511,
            -4.768358
          ],
          [
            38.280331,
            -4.768385
          ],
          [
            38.280142,
            -4.768349
          ],
          [
            38.280008,
            -4.768295
          ],
          [
            38.279729,
            -4.768188
          ],
          [
            38.279532,
            -4.768152
          ],
          [
            38.279343,
            -4.768152
          ],
          [
            38.279056,
            -4.768188
          ],
          [
            38.278921,
            -4.768233
          ],
          [
            38.278876,
            -4.768251
          ],
          [
            38.278804,
            -4.768286
          ],
          [
            38.278643,
            -4.768376
          ],
          [
            38.278561,
            -4.768403
          ],
          [
            38.27849,
            -4.76842
          ],
          [
            38.27831,
            -4.768439
          ],
          [
            38.278058,
            -4.768519
          ],
          [
            38.277745,
            -4.768502
          ],
          [
            38.277466,
            -4.768492
          ],
          [
            38.277358,
            -4.768519
          ],
          [
            38.277286,
            -4.768564
          ],
          [
            38.277242,
            -4.768618
          ],
          [
            38.277205,
            -4.768698
          ],
          [
            38.277205,
            -4.768797
          ],
          [
            38.277223,
            -4.769066
          ],
          [
            38.277223,
            -4.769066
          ],
          [
            38.277223,
            -4.769066
          ],
          [
            38.27725,
            -4.769387
          ],
          [
            38.27725,
            -4.769495
          ],
          [
            38.277232,
            -4.769576
          ],
          [
            38.277196,
            -4.769674
          ],
          [
            38.277179,
            -4.769772
          ],
          [
            38.277196,
            -4.769853
          ],
          [
            38.277232,
            -4.769925
          ],
          [
            38.277278,
            -4.769969
          ],
          [
            38.277349,
            -4.770005
          ],
          [
            38.278104,
            -4.77005
          ],
          [
            38.278355,
            -4.770086
          ],
          [
            38.278804,
            -4.77022
          ],
          [
            38.278947,
            -4.770229
          ],
          [
            38.279029,
            -4.770229
          ],
          [
            38.279119,
            -4.770184
          ],
          [
            38.279209,
            -4.770175
          ],
          [
            38.279389,
            -4.770167
          ],
          [
            38.279622,
            -4.770193
          ],
          [
            38.279838,
            -4.770238
          ],
          [
            38.279963,
            -4.770283
          ],
          [
            38.280079,
            -4.770336
          ],
          [
            38.280224,
            -4.770399
          ],
          [
            38.280412,
            -4.770453
          ],
          [
            38.280664,
            -4.770542
          ],
          [
            38.280825,
            -4.770587
          ],
          [
            38.280907,
            -4.770614
          ],
          [
            38.28097,
            -4.770641
          ],
          [
            38.281014,
            -4.770686
          ],
          [
            38.28106,
            -4.770659
          ],
          [
            38.281148,
            -4.770605
          ],
          [
            38.281148,
            -4.770605
          ],
          [
            38.28106,
            -4.770659
          ],
          [
            38.281014,
            -4.770686
          ],
          [
            38.280942,
            -4.770739
          ],
          [
            38.280907,
            -4.770802
          ],
          [
            38.280888,
            -4.770856
          ],
          [
            38.28088,
            -4.77091
          ],
          [
            38.280897,
            -4.77099
          ],
          [
            38.280934,
            -4.771115
          ],
          [
            38.280987,
            -4.771258
          ],
          [
            38.281032,
            -4.771313
          ],
          [
            38.281068,
            -4.771339
          ],
          [
            38.281293,
            -4.7715
          ],
          [
            38.2814,
            -4.771589
          ],
          [
            38.281517,
            -4.771697
          ],
          [
            38.281544,
            -4.77176
          ],
          [
            38.281563,
            -4.771822
          ],
          [
            38.28158,
            -4.771885
          ],
          [
            38.281607,
            -4.772252
          ],
          [
            38.281634,
            -4.772485
          ],
          [
            38.281624,
            -4.77287
          ],
          [
            38.281607,
            -4.772995
          ],
          [
            38.281597,
            -4.773049
          ],
          [
            38.281563,
            -4.773112
          ],
          [
            38.281517,
            -4.773183
          ],
          [
            38.281446,
            -4.773264
          ],
          [
            38.281293,
            -4.773389
          ],
          [
            38.281121,
            -4.773532
          ],
          [
            38.281041,
            -4.773667
          ],
          [
            38.281014,
            -4.773756
          ],
          [
            38.281041,
            -4.773828
          ],
          [
            38.281121,
            -4.773944
          ],
          [
            38.281293,
            -4.774141
          ],
          [
            38.281364,
            -4.774258
          ],
          [
            38.281383,
            -4.77432
          ],
          [
            38.2814,
            -4.774427
          ],
          [
            38.281391,
            -4.774535
          ],
          [
            38.281374,
            -4.774643
          ],
          [
            38.281337,
            -4.774741
          ],
          [
            38.281293,
            -4.774875
          ],
          [
            38.281211,
            -4.775054
          ],
          [
            38.281194,
            -4.775099
          ],
          [
            38.281167,
            -4.775162
          ],
          [
            38.281167,
            -4.775206
          ],
          [
            38.281176,
            -4.775242
          ],
          [
            38.281211,
            -4.775314
          ],
          [
            38.281266,
            -4.775385
          ],
          [
            38.281328,
            -4.775439
          ],
          [
            38.28141,
            -4.775484
          ],
          [
            38.281526,
            -4.77552
          ],
          [
            38.281589,
            -4.775538
          ],
          [
            38.281607,
            -4.775546
          ],
          [
            38.28167,
            -4.775591
          ],
          [
            38.281796,
            -4.775672
          ],
          [
            38.281832,
            -4.77569
          ],
          [
            38.281957,
            -4.775762
          ],
          [
            38.282083,
            -4.775833
          ],
          [
            38.282119,
            -4.775851
          ],
          [
            38.282129,
            -4.775869
          ],
          [
            38.282146,
            -4.775896
          ],
          [
            38.282209,
            -4.775896
          ],
          [
            38.282253,
            -4.775914
          ],
          [
            38.282308,
            -4.775949
          ],
          [
            38.282362,
            -4.776021
          ],
          [
            38.282406,
            -4.776093
          ],
          [
            38.282425,
            -4.7762
          ],
          [
            38.282442,
            -4.776352
          ],
          [
            38.28246,
            -4.776451
          ],
          [
            38.282469,
            -4.776522
          ],
          [
            38.282469,
            -4.776621
          ],
          [
            38.282452,
            -4.77671
          ],
          [
            38.282433,
            -4.776764
          ],
          [
            38.282425,
            -4.776818
          ],
          [
            38.282425,
            -4.777069
          ],
          [
            38.282433,
            -4.777221
          ],
          [
            38.282433,
            -4.777382
          ],
          [
            38.282433,
            -4.777579
          ],
          [
            38.282406,
            -4.777767
          ],
          [
            38.282353,
            -4.777991
          ],
          [
            38.282316,
            -4.77817
          ],
          [
            38.28229,
            -4.778286
          ],
          [
            38.282272,
            -4.778438
          ],
          [
            38.28229,
            -4.778563
          ],
          [
            38.282335,
            -4.778787
          ],
          [
            38.28237,
            -4.778984
          ],
          [
            38.282442,
            -4.778787
          ],
          [
            38.282442,
            -4.778787
          ],
          [
            38.28237,
            -4.778984
          ],
          [
            38.282299,
            -4.779145
          ],
          [
            38.282137,
            -4.779342
          ],
          [
            38.281957,
            -4.779521
          ],
          [
            38.281867,
            -4.779611
          ],
          [
            38.281742,
            -4.779718
          ],
          [
            38.281536,
            -4.779853
          ],
          [
            38.281364,
            -4.779951
          ],
          [
            38.281095,
            -4.780121
          ],
          [
            38.281041,
            -4.780148
          ],
          [
            38.281005,
            -4.780175
          ],
          [
            38.280942,
            -4.780193
          ],
          [
            38.280825,
            -4.780211
          ],
          [
            38.280745,
            -4.780238
          ],
          [
            38.280664,
            -4.780282
          ],
          [
            38.280412,
            -4.780497
          ],
          [
            38.280278,
            -4.780604
          ],
          [
            38.280116,
            -4.78072
          ],
          [
            38.280026,
            -4.780775
          ],
          [
            38.279918,
            -4.780828
          ],
          [
            38.279748,
            -4.780873
          ],
          [
            38.279703,
            -4.780891
          ],
          [
            38.279658,
            -4.780918
          ],
          [
            38.27963,
            -4.780944
          ],
          [
            38.279532,
            -4.780962
          ],
          [
            38.279433,
            -4.780998
          ],
          [
            38.279326,
            -4.781043
          ],
          [
            38.279119,
            -4.78115
          ],
          [
            38.278993,
            -4.781213
          ],
          [
            38.278939,
            -4.781249
          ],
          [
            38.278903,
            -4.781285
          ],
          [
            38.278787,
            -4.781428
          ],
          [
            38.278706,
            -4.781518
          ],
          [
            38.278588,
            -4.781652
          ],
          [
            38.27849,
            -4.781786
          ],
          [
            38.278445,
            -4.781866
          ],
          [
            38.2784,
            -4.78201
          ],
          [
            38.27832,
            -4.782323
          ],
          [
            38.27832,
            -4.782323
          ],
          [
            38.27832,
            -4.782332
          ],
          [
            38.278301,
            -4.782457
          ],
          [
            38.278301,
            -4.782583
          ],
          [
            38.27832,
            -4.782815
          ],
          [
            38.278337,
            -4.782994
          ],
          [
            38.278337,
            -4.783228
          ],
          [
            38.278337,
            -4.783469
          ],
          [
            38.278257,
            -4.7838
          ],
          [
            38.278184,
            -4.784078
          ],
          [
            38.278158,
            -4.784194
          ],
          [
            38.27814,
            -4.784248
          ],
          [
            38.278095,
            -4.784311
          ],
          [
            38.278005,
            -4.784418
          ],
          [
            38.277871,
            -4.784561
          ],
          [
            38.277762,
            -4.784695
          ],
          [
            38.277655,
            -4.784848
          ],
          [
            38.277618,
            -4.784883
          ],
          [
            38.277565,
            -4.784937
          ],
          [
            38.277502,
            -4.785009
          ],
          [
            38.277429,
            -4.785062
          ],
          [
            38.277376,
            -4.785116
          ],
          [
            38.277349,
            -4.785152
          ],
          [
            38.277313,
            -4.785268
          ],
          [
            38.277358,
            -4.785304
          ],
          [
            38.277385,
            -4.785322
          ],
          [
            38.277429,
            -4.78534
          ],
          [
            38.277529,
            -4.78534
          ],
          [
            38.277681,
            -4.785349
          ],
          [
            38.277762,
            -4.785349
          ],
          [
            38.277844,
            -4.785331
          ],
          [
            38.277968,
            -4.785277
          ],
          [
            38.278058,
            -4.785241
          ],
          [
            38.278131,
            -4.785214
          ],
          [
            38.278175,
            -4.785196
          ],
          [
            38.27832,
            -4.785179
          ],
          [
            38.278454,
            -4.785179
          ],
          [
            38.278597,
            -4.785196
          ],
          [
            38.278706,
            -4.785224
          ],
          [
            38.27875,
            -4.785241
          ],
          [
            38.278823,
            -4.785313
          ],
          [
            38.278993,
            -4.785385
          ],
          [
            38.279217,
            -4.785447
          ],
          [
            38.279406,
            -4.78551
          ],
          [
            38.279496,
            -4.785546
          ],
          [
            38.27955,
            -4.785591
          ],
          [
            38.279479,
            -4.785582
          ],
          [
            38.279424,
            -4.785591
          ],
          [
            38.279307,
            -4.785653
          ],
          [
            38.279163,
            -4.785716
          ],
          [
            38.279064,
            -4.785733
          ],
          [
            38.278974,
            -4.785733
          ],
          [
            38.278876,
            -4.785698
          ],
          [
            38.278796,
            -4.785671
          ],
          [
            38.278724,
            -4.785689
          ],
          [
            38.278643,
            -4.785725
          ],
          [
            38.278571,
            -4.785815
          ],
          [
            38.278471,
            -4.785931
          ],
          [
            38.278418,
            -4.786038
          ],
          [
            38.278337,
            -4.786173
          ],
          [
            38.27823,
            -4.786271
          ],
          [
            38.278104,
            -4.786387
          ],
          [
            38.277987,
            -4.786432
          ],
          [
            38.277915,
            -4.786459
          ],
          [
            38.277844,
            -4.786477
          ],
          [
            38.277789,
            -4.786486
          ],
          [
            38.277735,
            -4.786521
          ],
          [
            38.277664,
            -4.786602
          ],
          [
            38.277546,
            -4.786745
          ],
          [
            38.277466,
            -4.786835
          ],
          [
            38.277349,
            -4.786933
          ],
          [
            38.277089,
            -4.787112
          ],
          [
            38.277008,
            -4.787175
          ],
          [
            38.27698,
            -4.787184
          ],
          [
            38.276972,
            -4.787193
          ],
          [
            38.276945,
            -4.787193
          ],
          [
            38.276873,
            -4.787184
          ],
          [
            38.276837,
            -4.787184
          ],
          [
            38.2768,
            -4.787193
          ],
          [
            38.276774,
            -4.787193
          ],
          [
            38.276756,
            -4.787202
          ],
          [
            38.276729,
            -4.78722
          ],
          [
            38.276693,
            -4.787247
          ],
          [
            38.276676,
            -4.787274
          ],
          [
            38.276639,
            -4.787327
          ],
          [
            38.276513,
            -4.787551
          ],
          [
            38.276487,
            -4.787596
          ],
          [
            38.276442,
            -4.78764
          ],
          [
            38.276397,
            -4.787667
          ],
          [
            38.276334,
            -4.787703
          ],
          [
            38.27628,
            -4.78773
          ],
          [
            38.276173,
            -4.787757
          ],
          [
            38.27602,
            -4.787775
          ],
          [
            38.275813,
            -4.787757
          ],
          [
            38.275723,
            -4.787739
          ],
          [
            38.275651,
            -4.787721
          ],
          [
            38.275571,
            -4.787659
          ],
          [
            38.275517,
            -4.787605
          ],
          [
            38.275462,
            -4.787542
          ],
          [
            38.275381,
            -4.78739
          ],
          [
            38.275328,
            -4.787274
          ],
          [
            38.27531,
            -4.787202
          ],
          [
            38.275292,
            -4.787148
          ],
          [
            38.275282,
            -4.786969
          ],
          [
            38.275265,
            -4.786924
          ],
          [
            38.275238,
            -4.786889
          ],
          [
            38.275175,
            -4.786844
          ],
          [
            38.275049,
            -4.786745
          ],
          [
            38.274888,
            -4.786665
          ],
          [
            38.274762,
            -4.786638
          ],
          [
            38.274672,
            -4.786638
          ],
          [
            38.274502,
            -4.786638
          ],
          [
            38.274429,
            -4.78662
          ],
          [
            38.274358,
            -4.786602
          ],
          [
            38.274303,
            -4.786566
          ],
          [
            38.27424,
            -4.786468
          ]
        ]
      },
      "properties": {
        "type": "track",
        "day": 7,
        "title": "יום 7: מהג'ונגל אל עיר הבירה המלכותית לושוטו (Lushoto)",
        "distance": "15 ק\"מ הליכה",
        "duration": "5 שעות הליכה",
        "elevation": "ירידה מצטברת: 400 מטר",
        "description": "צעידה במעבה הג'ונגל תחת חופת עצים ענקית המגנה מפני השמש, ויציאה לקו הרכס המשקיף לעבר לושוטו - בירת הרכס המרכזית (1,400 מ').",
        "link": "gpx/day7.gpx",
        "link_text": "📥 הורד קובץ GPX"
      }
    },
    {
      "type": "Feature",
      "geometry": {
        "type": "Point",
        "coordinates": [
          38.27424,
          -4.786468
        ]
      },
      "properties": {
        "type": "site",
        "day": 7,
        "title": "יום 7: לינה בעיר המחוז לושוטו (Jua Zuri Home)",
        "distance": "הגעה בסיום מקטע הג'ונגל",
        "duration": "אחר הצהריים",
        "elevation": "גובה: 1,400 מטר",
        "description": "הגעה ללושוטו, עיר הבירה התרבותית של הרי האוסאמבארה. התמקמות בבית ההארחה האותנטי Jua Zuri Home, מנוחה וזמן סיור בעיירה הקולוניאלית ההיסטורית.",
        "link": "https://www.bedandbreakfast.eu/en/a/bPT4mmz0dMF1/jua-zuri",
        "link_text": "🏡 סקירה ותמונות מבית ההארחה Jua Zuri בלושוטו"
      }
    },
    {
      "type": "Feature",
      "geometry": {
        "type": "LineString",
        "coordinates": [
          [
            38.27424,
            -4.786468
          ],
          [
            38.2944,
            -4.7828
          ],
          [
            39.062,
            -5.092
          ]
        ]
      },
      "properties": {
        "type": "track",
        "day": 8,
        "title": "יום 8: ירידה מהרי האוסאמבארה אל חוף טאנגה ולינה ב-Villa Matalai",
        "distance": "115 ק\"מ נסיעה",
        "duration": "כ-3 שעות נסיעה",
        "elevation": "ירידה חדה מגובה 1,400 מ' לגובה פני הים (0 מ')",
        "description": "נפרדים מאוויר ההרים ויורדים בנסיעה אל רצועת החוף של עיר הנמל טאנגה. הגעה והתמקמות בלודג' האירוח האקסקלוסיבי Villa Matalai השוכן על קו המים.",
        "link": "https://www.booking.com/hotel/tz/villa-matalai.he.html",
        "link_text": "🏨 לחץ לצפייה ב-Villa Matalai בחוף טאנגה (Booking)"
      }
    },
    {
      "type": "Feature",
      "geometry": {
        "type": "Point",
        "coordinates": [
          39.062,
          -5.092
        ]
      },
      "properties": {
        "type": "site",
        "day": 8,
        "title": "יום 8 & 9: לינה במלון Villa Matalai - חוף טאנגה",
        "distance": "סיום הטרק ההררי",
        "duration": "הגעה אחה\"צ והתמקמות",
        "elevation": "גובה: פני הים (0 מ')",
        "description": "מתחם אירוח יפהפה על חוף האוקיינוס ההודי בטאנגה. הלינה בימים 8 ו-9 מתוכננת כאן כדי לאפשר מנוחה מוחלטת, שחייה בבריכה, וארוחות טרופיות מעולות מול קו המים בסגנון סוואהילי.",
        "link": "https://www.booking.com/hotel/tz/villa-matalai.he.html",
        "link_text": "🏖️ פרטי החדרים והזמנות ל-Villa Matalai (Booking)"
      }
    },
    {
      "type": "Feature",
      "geometry": {
        "type": "LineString",
        "coordinates": [
          [
            39.062,
            -5.092
          ],
          [
            39.1,
            -5.0667
          ]
        ]
      },
      "properties": {
        "type": "track",
        "day": 9,
        "title": "יום 9: יום חוף וסיור מקומי באזור טאנגה",
        "distance": "תנועה מקומית קצרה",
        "duration": "יום חופשי",
        "elevation": "גובה פני הים",
        "description": "יום מנוחה בחוף Villa Matalai, עם אפשרות לסיור קצר באזור טאנגה וחזרה למקום הלינה.",
        "link": "https://en.wikipedia.org/wiki/Tanga,_Tanzania",
        "link_text": "⚓ מידע על טאנגה והאזור"
      }
    },
    {
      "type": "Feature",
      "geometry": {
        "type": "LineString",
        "coordinates": [
          [
            39.062,
            -5.092
          ],
          [
            39.18898,
            -6.16208
          ]
        ]
      },
      "properties": {
        "type": "track",
        "day": 10,
        "title": "יום 10: מחוף טנגה לזנזיבר עיר האבן",
        "distance": "✈️ טיסת פנים",
        "duration": "חצי שעה",
        "elevation": "גובה פני הים",
        "description": "טיסת פנים קצרה משדה התעופה של טנגה ישירות אל עיר האבן ההיסטורית של זנזיבר.",
        "link": "https://en.wikipedia.org/wiki/Stone_Town",
        "link_text": "✈️ מידע על עיר האבן בזנזיבר"
      }
    },
    {
      "type": "Feature",
      "geometry": {
        "type": "Point",
        "coordinates": [
          39.18898,
          -6.16208
        ]
      },
      "properties": {
        "type": "site",
        "day": 11,
        "title": "יום 11: עיר האבן זנזיבר (Stone Town)",
        "distance": "סיור עירוני רגלי",
        "duration": "חצי יום",
        "elevation": "פני הים",
        "description": "סיור מרתק בין הסמטאות הצרות, הארכיטקטורה הייחודית והשווקים של עיר האבן העתיקה.",
        "links": [
          {
            "url": "https://en.wikipedia.org/wiki/Stone_Town",
            "text": "🕌 רקע על עיר האבן (Wikipedia)"
          },
          {
            "url": "https://www.booking.com/hotel/tz/zanzibar-coffee-house.he.html",
            "text": "🏨 מידע והזמנות חדרים ב-Zanzibar Coffee House (Booking)"
          }
        ]
      }
    },
    {
      "type": "Feature",
      "geometry": {
        "type": "LineString",
        "coordinates": [
          [
            39.18898,
            -6.16208
          ],
          [
            37.33333,
            -3.35
          ]
        ]
      },
      "properties": {
        "type": "track",
        "day": 12,
        "title": "יום 12: פרידה מזנזיבר וחזרה לישראל",
        "distance": "טיסות בינלאומיות",
        "duration": "מעבר שדות תעופה",
        "elevation": "טיסה חזרה",
        "description": "בוקר אחרון של רגיעה מול מי הטורקיז, העברה לשדה התעופה של זנזיבר וטיסה חזרה לישראל לסיום המסע המרתק."
      }
    }
  ]
}
